{"episode_rewards": [15.0, 21.0, 18.0, 25.0, 25.0, 12.0, 11.0, 45.0, 13.0, 19.0, 20.0, 17.0, 23.0, 72.0, 24.0, 55.0, 28.0, 21.0, 56.0, 52.0, 96.0, 161.0, 143.0, 200.0, 200.0, 141.0, 159.0, 200.0, 200.0, 200.0, 161.0, 200.0, 200.0, 200.0, 200.0, 200.0, 200.0, 200.0, 200.0, 200.0, 200.0, 200.0, 200.0, 200.0, 200.0, 200.0, 200.0, 200.0, 200.0, 200.0, 200.0, 200.0, 200.0, 200.0, 200.0, 193.0, 200.0, 200.0, 200.0, 200.0, 200.0, 200.0, 200.0, 200.0, 200.0, 200.0, 200.0, 200.0, 200.0, 200.0, 200.0, 200.0, 200.0, 200.0, 200.0, 200.0, 200.0, 200.0, 200.0, 200.0, 200.0], "timestamps": [1516537313.6649752, 1516537313.7238944, 1516537313.778034, 1516537313.8450363, 1516537313.9118237, 1516537313.9455698, 1516537314.617419, 1516537314.8135684, 1516537314.8641307, 1516537314.919099, 1516537314.9734557, 1516537315.026773, 1516537315.5615594, 1516537315.746101, 1516537315.8114045, 1516537316.435925, 1516537316.5085576, 1516537316.5714524, 1516537317.1452417, 1516537317.2621372, 1516537317.9227154, 1516537318.6986501, 1516537319.5352628, 1516537320.8383474, 1516537321.6539793, 1516537322.793127, 1516537323.5435166, 1516537324.4188504, 1516537325.6757936, 1516537326.9022102, 1516537327.6635618, 1516537328.8254006, 1516537329.6680486, 1516537331.0362053, 1516537331.9587023, 1516537333.223966, 1516537334.4866788, 1516537335.4247625, 1516537336.6787863, 1516537337.523686, 1516537338.7564855, 1516537340.1139965, 1516537341.509951, 1516537342.8167598, 1516537344.0559628, 1516537345.4060915, 1516537346.6538718, 1516537347.5122044, 1516537348.7576165, 1516537349.6528027, 1516537350.993304, 1516537352.3173788, 1516537353.3967073, 1516537355.7179909, 1516537356.7146704, 1516537358.0922012, 1516537360.0375926, 1516537361.553683, 1516537363.8714483, 1516537365.4513004, 1516537367.7484593, 1516537370.1198719, 1516537371.6350038, 1516537373.851396, 1516537375.4368043, 1516537377.715576, 1516537380.102041, 1516537381.8299632, 1516537384.114844, 1516537385.7242785, 1516537387.9253585, 1516537390.038872, 1516537391.5482287, 1516537393.8335595, 1516537395.407509, 1516537397.6789374, 1516537399.9498305, 1516537401.5869782, 1516537403.8048189, 1516537405.4518163, 1516537407.6628788], "episode_types": ["t", "t", "t", "t", "t", "t", "t", "t", "t", "t", "t", "t", "t", "t", "t", "t", "t", "t", "t", "t", "t", "t", "t", "t", "t", "t", "t", "t", "t", "t", "t", "t", "t", "t", "t", "t", "t", "t", "t", "t", "t", "t", "t", "t", "t", "t", "t", "t", "t", "t", "t", "t", "t", "t", "t", "t", "t", "t", "t", "t", "t", "t", "t", "t", "t", "t", "t", "t", "t", "t", "t", "t", "t", "t", "t", "t", "t", "t", "t", "t", "t", "t"], "episode_lengths": [15, 21, 18, 25, 25, 12, 11, 45, 13, 19, 20, 17, 23, 72, 24, 55, 28, 21, 56, 52, 96, 161, 143, 200, 200, 141, 159, 200, 200, 200, 161, 200, 200, 200, 200, 200, 200, 200, 200, 200, 200, 200, 200, 200, 200, 200, 200, 200, 200, 200, 200, 200, 200, 200, 200, 193, 200, 200, 200, 200, 200, 200, 200, 200, 200, 200, 200, 200, 200, 200, 200, 200, 200, 200, 200, 200, 200, 200, 200, 200, 200], "initial_reset_timestamp": 1516537313.416733}