{"episode_rewards": [15.0, 29.0, 15.0, 19.0, 15.0, 22.0, 18.0, 11.0, 14.0, 52.0, 22.0, 19.0, 13.0, 42.0, 12.0, 54.0, 80.0, 14.0, 99.0, 88.0, 200.0, 167.0, 200.0, 200.0, 125.0, 200.0, 200.0, 200.0, 133.0, 200.0, 200.0, 200.0, 200.0, 200.0, 200.0, 200.0, 200.0, 200.0, 200.0, 200.0, 200.0, 200.0, 200.0, 200.0, 200.0, 200.0, 200.0, 200.0, 200.0, 200.0, 200.0, 200.0, 200.0, 200.0, 200.0, 200.0, 200.0, 52.0, 200.0, 200.0, 200.0, 200.0, 200.0, 200.0, 200.0, 200.0, 200.0, 200.0, 200.0, 200.0, 200.0, 200.0, 200.0, 200.0, 200.0, 200.0, 200.0, 200.0, 200.0, 200.0], "timestamps": [1516537313.6650112, 1516537313.7508485, 1516537313.792574, 1516537313.8421865, 1516537313.8871102, 1516537313.94138, 1516537314.6588473, 1516537314.7037752, 1516537314.7661266, 1516537314.9350226, 1516537314.997302, 1516537315.5280733, 1516537315.5612159, 1516537315.6648355, 1516537315.695551, 1516537315.84598, 1516537316.5373151, 1516537316.5774107, 1516537317.2457726, 1516537317.88371, 1516537318.756446, 1516537320.037117, 1516537320.9542751, 1516537322.1495001, 1516537322.8684967, 1516537323.7080977, 1516537324.969156, 1516537326.2190552, 1516537326.9190428, 1516537327.7604818, 1516537328.9329724, 1516537330.241135, 1516537331.1448889, 1516537332.4534848, 1516537333.3339152, 1516537334.6351306, 1516537335.9649382, 1516537336.7886043, 1516537338.0175848, 1516537338.8846095, 1516537340.3089614, 1516537342.0077627, 1516537342.9779062, 1516537344.629863, 1516537345.5210567, 1516537346.7661755, 1516537348.011275, 1516537348.882571, 1516537350.181952, 1516537351.1005318, 1516537352.503511, 1516537354.081062, 1516537355.843022, 1516537357.2980618, 1516537358.2079709, 1516537360.2519398, 1516537362.4589584, 1516537362.7049692, 1516537365.0149732, 1516537366.6400428, 1516537368.996619, 1516537370.6081302, 1516537372.7402453, 1516537375.009984, 1516537376.560184, 1516537378.9157715, 1516537380.6660237, 1516537382.9330406, 1516537385.3415198, 1516537386.8370972, 1516537388.9836645, 1516537390.4608839, 1516537392.7197747, 1516537394.967596, 1516537396.575943, 1516537398.8477414, 1516537400.4168472, 1516537402.7059748, 1516537405.0313427, 1516537406.517595], "episode_types": ["t", "t", "t", "t", "t", "t", "t", "t", "t", "t", "t", "t", "t", "t", "t", "t", "t", "t", "t", "t", "t", "t", "t", "t", "t", "t", "t", "t", "t", "t", "t", "t", "t", "t", "t", "t", "t", "t", "t", "t", "t", "t", "t", "t", "t", "t", "t", "t", "t", "t", "t", "t", "t", "t", "t", "t", "t", "t", "t", "t", "t", "t", "t", "t", "t", "t", "t", "t", "t", "t", "t", "t", "t", "t", "t", "t", "t", "t", "t", "t", "t"], "episode_lengths": [15, 29, 15, 19, 15, 22, 18, 11, 14, 52, 22, 19, 13, 42, 12, 54, 80, 14, 99, 88, 200, 167, 200, 200, 125, 200, 200, 200, 133, 200, 200, 200, 200, 200, 200, 200, 200, 200, 200, 200, 200, 200, 200, 200, 200, 200, 200, 200, 200, 200, 200, 200, 200, 200, 200, 200, 200, 52, 200, 200, 200, 200, 200, 200, 200, 200, 200, 200, 200, 200, 200, 200, 200, 200, 200, 200, 200, 200, 200, 200], "initial_reset_timestamp": 1516537313.415963}