{"episode_rewards": [34.0, 26.0, 17.0, 28.0, 18.0, 16.0, 40.0, 23.0, 33.0, 27.0, 19.0, 31.0, 45.0, 18.0, 75.0, 99.0, 36.0, 29.0, 86.0, 13.0, 115.0, 200.0, 200.0, 200.0, 200.0, 200.0, 200.0, 200.0, 183.0, 200.0, 200.0, 200.0, 197.0, 200.0, 200.0, 200.0, 200.0, 200.0, 200.0, 200.0, 200.0, 200.0, 200.0, 200.0, 200.0, 200.0, 200.0, 200.0, 200.0, 179.0, 200.0, 200.0, 200.0, 200.0, 200.0, 200.0, 200.0, 200.0, 200.0, 200.0, 200.0, 200.0, 200.0, 200.0, 200.0, 200.0, 188.0, 200.0, 200.0, 200.0, 200.0, 200.0, 200.0, 200.0, 200.0, 200.0, 200.0, 200.0, 200.0], "timestamps": [1516537313.71785, 1516537313.7956915, 1516537313.8398128, 1516537313.9166436, 1516537313.9682148, 1516537314.6810277, 1516537314.8354654, 1516537314.9120195, 1516537315.0068016, 1516537315.557049, 1516537315.6021192, 1516537315.6775136, 1516537315.804164, 1516537315.8573482, 1516537316.5302205, 1516537317.2063913, 1516537317.2894611, 1516537317.3689697, 1516537317.9952857, 1516537318.0246775, 1516537318.696188, 1516537320.0584033, 1516537320.9737294, 1516537322.1729846, 1516537323.452312, 1516537324.316826, 1516537325.5765667, 1516537326.4155352, 1516537327.6191204, 1516537328.4067588, 1516537329.6168242, 1516537330.9755547, 1516537331.8998203, 1516537333.1423519, 1516537334.0383158, 1516537335.3701, 1516537336.6261418, 1516537337.4653988, 1516537338.7005265, 1516537339.5762281, 1516537341.445168, 1516537342.741971, 1516537343.9774504, 1516537345.3427093, 1516537346.2274354, 1516537347.463961, 1516537348.698123, 1516537349.5917306, 1516537350.9426498, 1516537351.7449412, 1516537353.2572472, 1516537355.0788155, 1516537356.5680075, 1516537357.9962726, 1516537359.1870356, 1516537361.3392627, 1516537362.9979315, 1516537365.2588122, 1516537367.522024, 1516537369.2507372, 1516537371.4342732, 1516537372.9686604, 1516537375.258046, 1516537377.5143952, 1516537379.159174, 1516537381.5979106, 1516537383.1229322, 1516537385.5209844, 1516537387.0515285, 1516537389.1681538, 1516537391.2613358, 1516537392.960158, 1516537395.1795917, 1516537396.7403228, 1516537399.06887, 1516537401.3521776, 1516537402.8883789, 1516537405.208501, 1516537406.702759], "episode_types": ["t", "t", "t", "t", "t", "t", "t", "t", "t", "t", "t", "t", "t", "t", "t", "t", "t", "t", "t", "t", "t", "t", "t", "t", "t", "t", "t", "t", "t", "t", "t", "t", "t", "t", "t", "t", "t", "t", "t", "t", "t", "t", "t", "t", "t", "t", "t", "t", "t", "t", "t", "t", "t", "t", "t", "t", "t", "t", "t", "t", "t", "t", "t", "t", "t", "t", "t", "t", "t", "t", "t", "t", "t", "t", "t", "t", "t", "t", "t", "t"], "episode_lengths": [34, 26, 17, 28, 18, 16, 40, 23, 33, 27, 19, 31, 45, 18, 75, 99, 36, 29, 86, 13, 115, 200, 200, 200, 200, 200, 200, 200, 183, 200, 200, 200, 197, 200, 200, 200, 200, 200, 200, 200, 200, 200, 200, 200, 200, 200, 200, 200, 200, 179, 200, 200, 200, 200, 200, 200, 200, 200, 200, 200, 200, 200, 200, 200, 200, 200, 188, 200, 200, 200, 200, 200, 200, 200, 200, 200, 200, 200, 200], "initial_reset_timestamp": 1516537313.4183764}