{"episode_rewards": [18.0, 25.0, 13.0, 21.0, 20.0, 15.0, 39.0, 13.0, 17.0, 18.0, 24.0, 82.0, 37.0, 21.0, 83.0, 109.0, 160.0, 200.0, 200.0, 200.0, 200.0, 110.0, 200.0, 181.0, 200.0, 200.0, 200.0, 200.0, 200.0, 200.0, 200.0, 200.0, 200.0, 200.0, 200.0, 200.0, 200.0, 200.0, 200.0, 200.0, 200.0, 200.0, 200.0, 200.0, 190.0, 200.0, 200.0, 200.0, 200.0, 200.0, 200.0, 200.0, 200.0, 190.0, 200.0, 75.0, 177.0, 200.0, 200.0, 200.0, 200.0, 200.0, 200.0, 200.0, 200.0, 200.0, 200.0, 200.0, 200.0, 200.0, 200.0, 200.0, 200.0, 200.0, 200.0, 200.0, 200.0], "timestamps": [1516537313.6744106, 1516537313.7459073, 1516537313.7849727, 1516537313.8385675, 1516537313.8938785, 1516537313.9332829, 1516537314.7241392, 1516537314.7902482, 1516537314.8417737, 1516537314.9061587, 1516537314.9709241, 1516537315.6610503, 1516537315.7629628, 1516537315.8214345, 1516537316.5195107, 1516537317.222002, 1516537318.0294206, 1516537319.4015722, 1516537320.2612245, 1516537321.5395467, 1516537322.7979774, 1516537323.057632, 1516537324.3090312, 1516537325.5226734, 1516537326.3652465, 1516537327.6086679, 1516537328.3924642, 1516537329.6040094, 1516537330.9654994, 1516537331.8936267, 1516537333.1380243, 1516537334.0323622, 1516537335.36407, 1516537336.618787, 1516537337.4591892, 1516537338.6950512, 1516537339.5718446, 1516537341.4384604, 1516537342.7351458, 1516537343.964497, 1516537345.3377552, 1516537346.2214715, 1516537347.4578955, 1516537348.692558, 1516537349.5641205, 1516537350.9182804, 1516537351.767034, 1516537353.3010206, 1516537355.1043015, 1516537356.5887113, 1516537358.0181437, 1516537359.2271876, 1516537361.3914602, 1516537362.9909098, 1516537365.2520893, 1516537366.372101, 1516537367.8022056, 1516537370.1759841, 1516537371.6920455, 1516537373.918336, 1516537375.50847, 1516537377.7646482, 1516537380.181053, 1516537381.8956203, 1516537384.169295, 1516537385.781982, 1516537387.9821098, 1516537390.097144, 1516537391.6093092, 1516537393.8866482, 1516537395.4659753, 1516537397.7299623, 1516537400.0060477, 1516537401.6738737, 1516537403.8580983, 1516537405.5011225, 1516537407.7263086], "episode_types": ["t", "t", "t", "t", "t", "t", "t", "t", "t", "t", "t", "t", "t", "t", "t", "t", "t", "t", "t", "t", "t", "t", "t", "t", "t", "t", "t", "t", "t", "t", "t", "t", "t", "t", "t", "t", "t", "t", "t", "t", "t", "t", "t", "t", "t", "t", "t", "t", "t", "t", "t", "t", "t", "t", "t", "t", "t", "t", "t", "t", "t", "t", "t", "t", "t", "t", "t", "t", "t", "t", "t", "t", "t", "t", "t", "t", "t", "t"], "episode_lengths": [18, 25, 13, 21, 20, 15, 39, 13, 17, 18, 24, 82, 37, 21, 83, 109, 160, 200, 200, 200, 200, 110, 200, 181, 200, 200, 200, 200, 200, 200, 200, 200, 200, 200, 200, 200, 200, 200, 200, 200, 200, 200, 200, 200, 190, 200, 200, 200, 200, 200, 200, 200, 200, 190, 200, 75, 177, 200, 200, 200, 200, 200, 200, 200, 200, 200, 200, 200, 200, 200, 200, 200, 200, 200, 200, 200, 200], "initial_reset_timestamp": 1516537313.4189653}