{"episode_rewards": [19.0, 46.0, 15.0, 12.0, 20.0, 23.0, 11.0, 22.0, 12.0, 29.0, 20.0, 26.0, 27.0, 48.0, 15.0, 88.0, 84.0, 120.0, 177.0, 200.0, 200.0, 200.0, 78.0, 122.0, 133.0, 200.0, 200.0, 180.0, 200.0, 200.0, 200.0, 200.0, 200.0, 200.0, 200.0, 200.0, 200.0, 200.0, 200.0, 200.0, 200.0, 200.0, 200.0, 200.0, 200.0, 200.0, 200.0, 200.0, 200.0, 200.0, 200.0, 200.0, 200.0, 200.0, 200.0, 200.0, 200.0, 200.0, 200.0, 200.0, 200.0, 200.0, 200.0, 200.0, 200.0, 200.0, 200.0, 200.0, 200.0, 200.0, 200.0, 200.0, 200.0, 200.0, 200.0, 200.0, 200.0, 200.0], "timestamps": [1516537313.6777413, 1516537313.8084128, 1516537313.8505523, 1516537313.8788857, 1516537313.9323397, 1516537314.669385, 1516537314.7073684, 1516537314.805059, 1516537314.8383415, 1516537314.9323146, 1516537314.98796, 1516537315.5385637, 1516537315.6043293, 1516537315.7241707, 1516537315.7723145, 1516537316.480655, 1516537317.1388614, 1516537317.8458052, 1516537318.661481, 1516537320.0230913, 1516537320.9385295, 1516537322.13181, 1516537322.336441, 1516537323.0311675, 1516537323.7141986, 1516537324.9756877, 1516537326.2234817, 1516537327.0494049, 1516537328.2175689, 1516537329.0366766, 1516537330.3580348, 1516537331.69519, 1516537332.562011, 1516537333.8404496, 1516537334.7619617, 1516537336.0733829, 1516537337.2768228, 1516537338.1197128, 1516537339.375751, 1516537340.541045, 1516537342.14459, 1516537343.700542, 1516537344.7328744, 1516537346.0624413, 1516537346.8981023, 1516537348.1144176, 1516537349.4065337, 1516537350.3176634, 1516537351.6047795, 1516537352.6155112, 1516537354.6547153, 1516537356.4246275, 1516537357.415676, 1516537358.8307414, 1516537360.4644084, 1516537362.6940212, 1516537364.996844, 1516537366.6224751, 1516537368.9712946, 1516537370.5864952, 1516537372.7253995, 1516537374.9962158, 1516537376.5426493, 1516537378.8977203, 1516537380.6355028, 1516537382.9020705, 1516537385.3290124, 1516537386.8214865, 1516537388.9714568, 1516537390.4507365, 1516537392.7049596, 1516537394.942509, 1516537396.5647461, 1516537398.8348634, 1516537400.4005792, 1516537402.6970136, 1516537405.0141408, 1516537406.4998116], "episode_types": ["t", "t", "t", "t", "t", "t", "t", "t", "t", "t", "t", "t", "t", "t", "t", "t", "t", "t", "t", "t", "t", "t", "t", "t", "t", "t", "t", "t", "t", "t", "t", "t", "t", "t", "t", "t", "t", "t", "t", "t", "t", "t", "t", "t", "t", "t", "t", "t", "t", "t", "t", "t", "t", "t", "t", "t", "t", "t", "t", "t", "t", "t", "t", "t", "t", "t", "t", "t", "t", "t", "t", "t", "t", "t", "t", "t", "t", "t", "t"], "episode_lengths": [19, 46, 15, 12, 20, 23, 11, 22, 12, 29, 20, 26, 27, 48, 15, 88, 84, 120, 177, 200, 200, 200, 78, 122, 133, 200, 200, 180, 200, 200, 200, 200, 200, 200, 200, 200, 200, 200, 200, 200, 200, 200, 200, 200, 200, 200, 200, 200, 200, 200, 200, 200, 200, 200, 200, 200, 200, 200, 200, 200, 200, 200, 200, 200, 200, 200, 200, 200, 200, 200, 200, 200, 200, 200, 200, 200, 200, 200], "initial_reset_timestamp": 1516537313.418102}