{"episode_rewards": [29.0, 17.0, 46.0, 13.0, 16.0, 10.0, 15.0, 27.0, 22.0, 50.0, 50.0, 26.0, 28.0, 34.0, 77.0, 109.0, 124.0, 156.0, 200.0, 200.0, 125.0, 200.0, 151.0, 200.0, 200.0, 200.0, 200.0, 200.0, 200.0, 200.0, 200.0, 200.0, 200.0, 200.0, 200.0, 200.0, 200.0, 200.0, 200.0, 200.0, 200.0, 200.0, 200.0, 200.0, 200.0, 200.0, 200.0, 200.0, 200.0, 200.0, 200.0, 200.0, 200.0, 200.0, 200.0, 200.0, 200.0, 200.0, 200.0, 200.0, 200.0, 200.0, 200.0, 200.0, 200.0, 165.0, 200.0, 200.0, 200.0, 200.0, 200.0, 200.0, 200.0, 200.0, 200.0, 200.0, 200.0], "timestamps": [1516537313.7042952, 1516537313.7592685, 1516537313.8790076, 1516537313.9156055, 1516537313.9615529, 1516537314.6426597, 1516537314.7075014, 1516537314.81904, 1516537314.8900127, 1516537315.0390224, 1516537315.638293, 1516537315.7032669, 1516537315.783091, 1516537316.342371, 1516537316.558991, 1516537317.2560308, 1516537317.9779334, 1516537318.7444377, 1516537320.1080186, 1516537321.0218453, 1516537321.660208, 1516537322.93943, 1516537323.661569, 1516537324.9313502, 1516537325.798685, 1516537327.0429869, 1516537328.2133148, 1516537329.0298078, 1516537330.3516784, 1516537331.2970908, 1516537332.5574398, 1516537333.8352406, 1516537334.756532, 1516537336.0684407, 1516537336.8939557, 1516537338.113207, 1516537339.3718174, 1516537340.52711, 1516537342.1399925, 1516537343.135318, 1516537344.726795, 1516537346.0582986, 1516537346.892295, 1516537348.1081505, 1516537349.0069017, 1516537350.3108468, 1516537351.5974567, 1516537352.6088467, 1516537354.6397603, 1516537355.975124, 1516537357.4089754, 1516537358.8091562, 1516537360.4532065, 1516537362.6762471, 1516537364.4171417, 1516537366.6131923, 1516537368.961132, 1516537370.5770934, 1516537372.718609, 1516537374.3079104, 1516537376.5329607, 1516537378.878193, 1516537380.6227798, 1516537382.8930178, 1516537384.6045337, 1516537386.6726425, 1516537388.196816, 1516537390.2897677, 1516537392.5673141, 1516537394.1057115, 1516537396.400431, 1516537397.9836202, 1516537400.2285414, 1516537402.5553994, 1516537404.1690772, 1516537406.325039, 1516537407.974125], "episode_types": ["t", "t", "t", "t", "t", "t", "t", "t", "t", "t", "t", "t", "t", "t", "t", "t", "t", "t", "t", "t", "t", "t", "t", "t", "t", "t", "t", "t", "t", "t", "t", "t", "t", "t", "t", "t", "t", "t", "t", "t", "t", "t", "t", "t", "t", "t", "t", "t", "t", "t", "t", "t", "t", "t", "t", "t", "t", "t", "t", "t", "t", "t", "t", "t", "t", "t", "t", "t", "t", "t", "t", "t", "t", "t", "t", "t", "t", "t"], "episode_lengths": [29, 17, 46, 13, 16, 10, 15, 27, 22, 50, 50, 26, 28, 34, 77, 109, 124, 156, 200, 200, 125, 200, 151, 200, 200, 200, 200, 200, 200, 200, 200, 200, 200, 200, 200, 200, 200, 200, 200, 200, 200, 200, 200, 200, 200, 200, 200, 200, 200, 200, 200, 200, 200, 200, 200, 200, 200, 200, 200, 200, 200, 200, 200, 200, 200, 165, 200, 200, 200, 200, 200, 200, 200, 200, 200, 200, 200], "initial_reset_timestamp": 1516537313.4178333}