{"episode_rewards": [27.0, 18.0, 43.0, 39.0, 68.0, 36.0, 67.0, 72.0, 11.0, 12.0, 76.0, 166.0, 200.0, 191.0, 136.0, 178.0, 200.0, 200.0, 181.0, 175.0, 200.0, 200.0, 200.0, 200.0, 80.0, 200.0, 200.0, 200.0, 200.0, 200.0, 200.0, 200.0, 200.0, 104.0, 200.0, 200.0, 200.0, 200.0, 198.0, 200.0, 157.0, 200.0, 200.0, 200.0, 200.0, 200.0, 200.0, 185.0, 200.0, 200.0, 200.0, 200.0, 200.0, 200.0, 200.0, 200.0, 200.0, 200.0, 200.0, 200.0, 200.0, 200.0, 200.0, 200.0, 200.0, 200.0, 200.0, 200.0, 200.0, 200.0, 200.0, 200.0, 200.0], "timestamps": [1516537313.698309, 1516537313.7560053, 1516537313.8691573, 1516537314.615113, 1516537314.8898153, 1516537314.9932723, 1516537315.6445224, 1516537315.8413253, 1516537316.3353398, 1516537316.3678331, 1516537316.5868275, 1516537317.8405938, 1516537318.7090473, 1516537320.0524273, 1516537320.8114445, 1516537321.588568, 1516537322.8540854, 1516537323.693053, 1516537324.922796, 1516537325.7251873, 1516537326.9694993, 1516537327.7948458, 1516537328.9678984, 1516537330.2886038, 1516537330.4775264, 1516537331.8221564, 1516537333.0709734, 1516537333.9584744, 1516537335.2923708, 1516537336.1742125, 1516537337.384073, 1516537338.603884, 1516537339.49458, 1516537340.3179817, 1516537342.0214388, 1516537342.985878, 1516537344.634396, 1516537345.5260074, 1516537346.7650685, 1516537348.0097072, 1516537348.7655532, 1516537349.6584074, 1516537351.0027676, 1516537352.3356538, 1516537353.402821, 1516537355.7235816, 1516537356.7249048, 1516537358.0753489, 1516537359.3437672, 1516537361.5227785, 1516537363.8373585, 1516537365.4174404, 1516537367.7067547, 1516537369.3774438, 1516537371.6019757, 1516537373.8167408, 1516537375.4080813, 1516537377.6907446, 1516537379.2862275, 1516537381.7944677, 1516537384.076954, 1516537385.6988435, 1516537387.8966594, 1516537389.3672132, 1516537391.5076175, 1516537393.805668, 1516537395.3749719, 1516537397.65493, 1516537399.2410147, 1516537401.552974, 1516537403.7678823, 1516537405.4194083, 1516537407.6290646], "episode_types": ["t", "t", "t", "t", "t", "t", "t", "t", "t", "t", "t", "t", "t", "t", "t", "t", "t", "t", "t", "t", "t", "t", "t", "t", "t", "t", "t", "t", "t", "t", "t", "t", "t", "t", "t", "t", "t", "t", "t", "t", "t", "t", "t", "t", "t", "t", "t", "t", "t", "t", "t", "t", "t", "t", "t", "t", "t", "t", "t", "t", "t", "t", "t", "t", "t", "t", "t", "t", "t", "t", "t", "t", "t", "t"], "episode_lengths": [27, 18, 43, 39, 68, 36, 67, 72, 11, 12, 76, 166, 200, 191, 136, 178, 200, 200, 181, 175, 200, 200, 200, 200, 80, 200, 200, 200, 200, 200, 200, 200, 200, 104, 200, 200, 200, 200, 198, 200, 157, 200, 200, 200, 200, 200, 200, 185, 200, 200, 200, 200, 200, 200, 200, 200, 200, 200, 200, 200, 200, 200, 200, 200, 200, 200, 200, 200, 200, 200, 200, 200, 200], "initial_reset_timestamp": 1516537313.4141994}