{"episode_rewards": [81.0, 42.0, 35.0, 46.0, 27.0, 21.0, 63.0, 59.0, 30.0, 40.0, 173.0, 200.0, 200.0, 144.0, 123.0, 86.0, 200.0, 200.0, 83.0, 200.0, 200.0, 200.0, 200.0, 200.0, 200.0, 200.0, 200.0, 200.0, 200.0, 200.0, 200.0, 200.0, 200.0, 200.0, 200.0, 200.0, 200.0, 200.0, 200.0, 200.0, 200.0, 200.0, 200.0, 200.0, 200.0, 200.0, 181.0, 200.0, 200.0, 200.0, 200.0, 200.0, 200.0, 200.0, 200.0, 200.0, 200.0, 200.0, 200.0, 200.0, 200.0, 200.0, 195.0, 200.0, 200.0, 200.0, 200.0, 200.0, 200.0, 200.0, 200.0, 200.0], "timestamps": [1516537313.85433, 1516537313.9673853, 1516537314.7651782, 1516537314.9205966, 1516537314.9939377, 1516537315.5321481, 1516537315.6885808, 1516537315.8540645, 1516537316.4026582, 1516537316.5114849, 1516537317.3742974, 1516537318.67097, 1516537320.0305524, 1516537320.808918, 1516537321.4785056, 1516537321.649653, 1516537322.9280534, 1516537324.1870878, 1516537324.3755085, 1516537325.6315396, 1516537326.8414133, 1516537327.7062063, 1516537328.874607, 1516537329.7168975, 1516537331.0869703, 1516537332.3885088, 1516537333.275786, 1516537334.5601444, 1516537335.4750843, 1516537336.721799, 1516537337.9597585, 1516537338.8061323, 1516537340.2013597, 1516537341.5575497, 1516537342.8810651, 1516537344.5741954, 1516537345.458343, 1516537346.703568, 1516537347.557363, 1516537348.8102221, 1516537350.1180432, 1516537351.0468237, 1516537352.448667, 1516537353.4514468, 1516537355.7753108, 1516537357.2496426, 1516537358.115343, 1516537360.0827603, 1516537361.5944428, 1516537363.91942, 1516537365.4876082, 1516537367.786376, 1516537370.1600273, 1516537371.678496, 1516537373.8921134, 1516537375.4889271, 1516537377.7482288, 1516537380.1536686, 1516537381.8767712, 1516537384.1481802, 1516537385.7610962, 1516537387.9636827, 1516537390.0548327, 1516537391.5641236, 1516537393.8485348, 1516537395.4236953, 1516537397.6920304, 1516537399.9673016, 1516537401.6134372, 1516537403.817368, 1516537405.4670916, 1516537407.6818626], "episode_types": ["t", "t", "t", "t", "t", "t", "t", "t", "t", "t", "t", "t", "t", "t", "t", "t", "t", "t", "t", "t", "t", "t", "t", "t", "t", "t", "t", "t", "t", "t", "t", "t", "t", "t", "t", "t", "t", "t", "t", "t", "t", "t", "t", "t", "t", "t", "t", "t", "t", "t", "t", "t", "t", "t", "t", "t", "t", "t", "t", "t", "t", "t", "t", "t", "t", "t", "t", "t", "t", "t", "t", "t", "t"], "episode_lengths": [81, 42, 35, 46, 27, 21, 63, 59, 30, 40, 173, 200, 200, 144, 123, 86, 200, 200, 83, 200, 200, 200, 200, 200, 200, 200, 200, 200, 200, 200, 200, 200, 200, 200, 200, 200, 200, 200, 200, 200, 200, 200, 200, 200, 200, 200, 181, 200, 200, 200, 200, 200, 200, 200, 200, 200, 200, 200, 200, 200, 200, 200, 195, 200, 200, 200, 200, 200, 200, 200, 200, 200], "initial_reset_timestamp": 1516537313.4174247}