{"episode_rewards": [43.0, 16.0, 12.0, 9.0, 10.0, 15.0, 15.0, 22.0, 54.0, 15.0, 23.0, 34.0, 58.0, 40.0, 42.0, 76.0, 21.0, 74.0, 43.0, 194.0, 185.0, 128.0, 200.0, 200.0, 194.0, 195.0, 200.0, 200.0, 200.0, 200.0, 200.0, 200.0, 200.0, 200.0, 200.0, 200.0, 200.0, 200.0, 200.0, 200.0, 200.0, 200.0, 200.0, 200.0, 200.0, 200.0, 200.0, 200.0, 200.0, 200.0, 189.0, 200.0, 200.0, 200.0, 200.0, 200.0, 200.0, 200.0, 200.0, 200.0, 200.0, 200.0, 200.0, 200.0, 200.0, 171.0, 200.0, 200.0, 183.0, 200.0, 200.0, 200.0, 200.0, 200.0, 200.0, 200.0, 200.0, 200.0, 200.0], "timestamps": [1516537313.745709, 1516537313.7926033, 1516537313.8243635, 1516537313.849828, 1516537313.874513, 1516537313.9144986, 1516537313.9575043, 1516537314.6908333, 1516537314.893242, 1516537314.9375572, 1516537315.0026827, 1516537315.5713859, 1516537315.7114031, 1516537315.8310976, 1516537316.4133518, 1516537316.6209466, 1516537317.1106918, 1516537317.274079, 1516537317.3841834, 1516537318.6674294, 1516537319.9887042, 1516537320.733801, 1516537321.5679743, 1516537322.826871, 1516537323.6565576, 1516537324.917427, 1516537325.782783, 1516537327.0240545, 1516537328.1961439, 1516537329.012779, 1516537330.3309734, 1516537331.275308, 1516537332.5391438, 1516537333.8221893, 1516537334.7401857, 1516537336.0519242, 1516537336.8743973, 1516537338.0996385, 1516537339.3575912, 1516537340.488005, 1516537342.1184797, 1516537343.1124985, 1516537344.7076087, 1516537346.0412157, 1516537346.871005, 1516537348.0957153, 1516537348.98595, 1516537350.2855637, 1516537351.5819185, 1516537352.5891695, 1516537354.3785276, 1516537355.922377, 1516537357.3702493, 1516537358.6877244, 1516537360.3670146, 1516537362.5871048, 1516537364.33257, 1516537366.5445058, 1516537368.8682785, 1516537370.5014136, 1516537372.6356044, 1516537374.2242808, 1516537376.4500012, 1516537378.7750177, 1516537380.5123074, 1516537382.6922894, 1516537384.3485131, 1516537386.623541, 1516537388.079457, 1516537390.1898887, 1516537391.7391818, 1516537393.98505, 1516537396.257039, 1516537397.8226113, 1516537400.1043515, 1516537401.7675905, 1516537404.000156, 1516537406.2169662, 1516537407.8278532], "episode_types": ["t", "t", "t", "t", "t", "t", "t", "t", "t", "t", "t", "t", "t", "t", "t", "t", "t", "t", "t", "t", "t", "t", "t", "t", "t", "t", "t", "t", "t", "t", "t", "t", "t", "t", "t", "t", "t", "t", "t", "t", "t", "t", "t", "t", "t", "t", "t", "t", "t", "t", "t", "t", "t", "t", "t", "t", "t", "t", "t", "t", "t", "t", "t", "t", "t", "t", "t", "t", "t", "t", "t", "t", "t", "t", "t", "t", "t", "t", "t", "t"], "episode_lengths": [43, 16, 12, 9, 10, 15, 15, 22, 54, 15, 23, 34, 58, 40, 42, 76, 21, 74, 43, 194, 185, 128, 200, 200, 194, 195, 200, 200, 200, 200, 200, 200, 200, 200, 200, 200, 200, 200, 200, 200, 200, 200, 200, 200, 200, 200, 200, 200, 200, 200, 189, 200, 200, 200, 200, 200, 200, 200, 200, 200, 200, 200, 200, 200, 200, 171, 200, 200, 183, 200, 200, 200, 200, 200, 200, 200, 200, 200, 200], "initial_reset_timestamp": 1516537313.4191024}