{"episode_rewards": [27.0, 21.0, 42.0, 36.0, 18.0, 20.0, 22.0, 38.0, 51.0, 11.0, 43.0, 35.0, 40.0, 200.0, 24.0, 93.0, 100.0, 192.0, 133.0, 156.0, 153.0, 186.0, 180.0, 200.0, 200.0, 200.0, 200.0, 200.0, 200.0, 200.0, 200.0, 200.0, 200.0, 200.0, 200.0, 200.0, 200.0, 200.0, 200.0, 200.0, 200.0, 200.0, 200.0, 200.0, 200.0, 200.0, 200.0, 200.0, 200.0, 200.0, 200.0, 200.0, 200.0, 200.0, 200.0, 200.0, 200.0, 200.0, 200.0, 200.0, 200.0, 200.0, 200.0, 200.0, 200.0, 200.0, 200.0, 200.0, 200.0, 200.0, 200.0, 200.0, 200.0, 200.0, 200.0, 200.0], "timestamps": [1516537313.699118, 1516537313.7642572, 1516537313.874741, 1516537314.6112418, 1516537314.7028108, 1516537314.7901692, 1516537314.867039, 1516537314.9733903, 1516537315.5895452, 1516537315.6157956, 1516537315.7209413, 1516537315.8244598, 1516537316.4024813, 1516537317.347436, 1516537317.8215137, 1516537318.0422776, 1516537318.6782868, 1516537320.018766, 1516537320.7755156, 1516537321.5145054, 1516537322.2515185, 1516537323.4791548, 1516537324.2962952, 1516537325.5564692, 1516537326.396333, 1516537327.6398156, 1516537328.4267054, 1516537329.641912, 1516537331.0029366, 1516537331.9313343, 1516537333.1779685, 1516537334.0680573, 1516537335.3968132, 1516537336.6535301, 1516537337.4936395, 1516537338.7283576, 1516537339.6156983, 1516537341.4776714, 1516537342.7745283, 1516537344.0273356, 1516537345.3775954, 1516537346.255966, 1516537347.490869, 1516537348.727584, 1516537349.6214492, 1516537350.968587, 1516537351.82369, 1516537353.3682044, 1516537355.6878114, 1516537356.6499836, 1516537358.0790737, 1516537359.350237, 1516537361.5298645, 1516537363.8422883, 1516537365.4241772, 1516537367.713261, 1516537369.382517, 1516537371.6100197, 1516537373.8201194, 1516537375.415047, 1516537377.6975381, 1516537379.2905228, 1516537381.801119, 1516537384.0818005, 1516537385.703044, 1516537387.9042296, 1516537389.3763318, 1516537391.5122378, 1516537393.8131375, 1516537395.3873806, 1516537397.660644, 1516537399.2487469, 1516537401.5562632, 1516537403.7844317, 1516537405.42808, 1516537407.634943], "episode_types": ["t", "t", "t", "t", "t", "t", "t", "t", "t", "t", "t", "t", "t", "t", "t", "t", "t", "t", "t", "t", "t", "t", "t", "t", "t", "t", "t", "t", "t", "t", "t", "t", "t", "t", "t", "t", "t", "t", "t", "t", "t", "t", "t", "t", "t", "t", "t", "t", "t", "t", "t", "t", "t", "t", "t", "t", "t", "t", "t", "t", "t", "t", "t", "t", "t", "t", "t", "t", "t", "t", "t", "t", "t", "t", "t", "t", "t"], "episode_lengths": [27, 21, 42, 36, 18, 20, 22, 38, 51, 11, 43, 35, 40, 200, 24, 93, 100, 192, 133, 156, 153, 186, 180, 200, 200, 200, 200, 200, 200, 200, 200, 200, 200, 200, 200, 200, 200, 200, 200, 200, 200, 200, 200, 200, 200, 200, 200, 200, 200, 200, 200, 200, 200, 200, 200, 200, 200, 200, 200, 200, 200, 200, 200, 200, 200, 200, 200, 200, 200, 200, 200, 200, 200, 200, 200, 200], "initial_reset_timestamp": 1516537313.4149506}