{"episode_rewards": [26.0, 47.0, 19.0, 23.0, 14.0, 11.0, 35.0, 56.0, 31.0, 25.0, 56.0, 27.0, 19.0, 200.0, 29.0, 92.0, 113.0, 192.0, 200.0, 200.0, 135.0, 200.0, 200.0, 200.0, 200.0, 200.0, 200.0, 200.0, 200.0, 200.0, 200.0, 200.0, 200.0, 200.0, 200.0, 200.0, 200.0, 200.0, 200.0, 200.0, 200.0, 200.0, 200.0, 200.0, 200.0, 200.0, 200.0, 200.0, 200.0, 200.0, 200.0, 200.0, 200.0, 200.0, 200.0, 200.0, 200.0, 200.0, 200.0, 200.0, 49.0, 200.0, 200.0, 200.0, 200.0, 200.0, 200.0, 200.0, 200.0, 200.0, 200.0, 200.0, 200.0, 200.0, 200.0, 200.0], "timestamps": [1516537313.695374, 1516537313.8280363, 1516537313.8786867, 1516537313.939236, 1516537314.6240644, 1516537314.6840248, 1516537314.8244379, 1516537314.9932127, 1516537315.5565782, 1516537315.6198974, 1516537315.7662015, 1516537315.8402297, 1516537316.3561559, 1516537317.295898, 1516537317.3764737, 1516537318.0142345, 1516537318.6864874, 1516537320.025273, 1516537320.940988, 1516537322.1356134, 1516537322.8821394, 1516537323.7219167, 1516537324.98358, 1516537326.2316887, 1516537327.1006296, 1516537328.2719862, 1516537329.0913267, 1516537330.4087486, 1516537331.7469494, 1516537332.6088762, 1516537333.8979952, 1516537334.824931, 1516537336.1225243, 1516537337.325752, 1516537338.1669018, 1516537339.4258893, 1516537340.667657, 1516537342.1902769, 1516537343.7667987, 1516537344.7836025, 1516537346.1050298, 1516537346.9501743, 1516537348.1612473, 1516537349.4576845, 1516537350.3753986, 1516537351.6565464, 1516537352.670734, 1516537354.7961557, 1516537356.476351, 1516537357.460894, 1516537358.9819121, 1516537360.5549898, 1516537362.79925, 1516537365.1019769, 1516537366.7135632, 1516537369.073672, 1516537370.6869624, 1516537372.8152452, 1516537375.0778713, 1516537376.629896, 1516537377.6106718, 1516537379.2146542, 1516537381.662825, 1516537383.2265074, 1516537385.6217017, 1516537387.7964666, 1516537389.2822545, 1516537391.3686857, 1516537393.0584507, 1516537395.2908027, 1516537397.5643916, 1516537399.166942, 1516537401.4550424, 1516537402.9995732, 1516537405.32487, 1516537407.524589], "episode_types": ["t", "t", "t", "t", "t", "t", "t", "t", "t", "t", "t", "t", "t", "t", "t", "t", "t", "t", "t", "t", "t", "t", "t", "t", "t", "t", "t", "t", "t", "t", "t", "t", "t", "t", "t", "t", "t", "t", "t", "t", "t", "t", "t", "t", "t", "t", "t", "t", "t", "t", "t", "t", "t", "t", "t", "t", "t", "t", "t", "t", "t", "t", "t", "t", "t", "t", "t", "t", "t", "t", "t", "t", "t", "t", "t", "t", "t"], "episode_lengths": [26, 47, 19, 23, 14, 11, 35, 56, 31, 25, 56, 27, 19, 200, 29, 92, 113, 192, 200, 200, 135, 200, 200, 200, 200, 200, 200, 200, 200, 200, 200, 200, 200, 200, 200, 200, 200, 200, 200, 200, 200, 200, 200, 200, 200, 200, 200, 200, 200, 200, 200, 200, 200, 200, 200, 200, 200, 200, 200, 200, 49, 200, 200, 200, 200, 200, 200, 200, 200, 200, 200, 200, 200, 200, 200, 200], "initial_reset_timestamp": 1516537313.4153402}