{"episode_rewards": [31.0, 16.0, 29.0, 14.0, 31.0, 13.0, 25.0, 58.0, 20.0, 17.0, 87.0, 23.0, 28.0, 44.0, 109.0, 86.0, 109.0, 157.0, 159.0, 200.0, 200.0, 200.0, 200.0, 200.0, 200.0, 200.0, 200.0, 200.0, 200.0, 200.0, 200.0, 200.0, 200.0, 200.0, 200.0, 200.0, 200.0, 200.0, 200.0, 200.0, 200.0, 200.0, 200.0, 200.0, 200.0, 200.0, 190.0, 200.0, 200.0, 200.0, 187.0, 200.0, 200.0, 200.0, 200.0, 200.0, 200.0, 200.0, 200.0, 200.0, 200.0, 200.0, 200.0, 200.0, 200.0, 200.0, 200.0, 200.0, 200.0, 200.0, 200.0, 200.0, 200.0, 200.0, 200.0, 200.0], "timestamps": [1516537313.7087736, 1516537313.7615442, 1516537313.8358426, 1516537313.8747144, 1516537313.960325, 1516537314.6630106, 1516537314.7697568, 1516537314.9542186, 1516537315.012377, 1516537315.536172, 1516537315.7594209, 1516537315.8245971, 1516537316.36555, 1516537316.4911218, 1516537317.1980207, 1516537317.827835, 1516537318.0880513, 1516537319.3615263, 1516537320.127222, 1516537321.4073591, 1516537322.2542982, 1516537323.511927, 1516537324.3829172, 1516537325.6403806, 1516537326.847662, 1516537327.7120981, 1516537328.8818412, 1516537329.7232666, 1516537331.096465, 1516537332.3967881, 1516537333.2873008, 1516537334.5716891, 1516537335.4825218, 1516537336.7287552, 1516537337.968035, 1516537338.8131573, 1516537340.2202606, 1516537341.5672374, 1516537342.8911154, 1516537344.583602, 1516537345.4682589, 1516537346.710449, 1516537347.5652642, 1516537348.8236394, 1516537350.1265054, 1516537351.0534835, 1516537352.4188013, 1516537353.4318764, 1516537355.7570646, 1516537356.7771084, 1516537358.111116, 1516537360.0735383, 1516537361.5867925, 1516537363.9017937, 1516537365.4810731, 1516537367.7777514, 1516537370.155501, 1516537371.6701484, 1516537373.8880801, 1516537375.4817371, 1516537377.7432983, 1516537380.14974, 1516537381.8694937, 1516537384.139792, 1516537385.7545524, 1516537387.9549422, 1516537390.0700366, 1516537391.5867171, 1516537393.8654573, 1516537395.441055, 1516537397.7088408, 1516537399.9867477, 1516537401.6415234, 1516537403.836243, 1516537405.4844308, 1516537407.70054], "episode_types": ["t", "t", "t", "t", "t", "t", "t", "t", "t", "t", "t", "t", "t", "t", "t", "t", "t", "t", "t", "t", "t", "t", "t", "t", "t", "t", "t", "t", "t", "t", "t", "t", "t", "t", "t", "t", "t", "t", "t", "t", "t", "t", "t", "t", "t", "t", "t", "t", "t", "t", "t", "t", "t", "t", "t", "t", "t", "t", "t", "t", "t", "t", "t", "t", "t", "t", "t", "t", "t", "t", "t", "t", "t", "t", "t", "t", "t"], "episode_lengths": [31, 16, 29, 14, 31, 13, 25, 58, 20, 17, 87, 23, 28, 44, 109, 86, 109, 157, 159, 200, 200, 200, 200, 200, 200, 200, 200, 200, 200, 200, 200, 200, 200, 200, 200, 200, 200, 200, 200, 200, 200, 200, 200, 200, 200, 200, 190, 200, 200, 200, 187, 200, 200, 200, 200, 200, 200, 200, 200, 200, 200, 200, 200, 200, 200, 200, 200, 200, 200, 200, 200, 200, 200, 200, 200, 200], "initial_reset_timestamp": 1516537313.419777}