{"episode_rewards": [24.0, 14.0, 37.0, 22.0, 18.0, 15.0, 53.0, 16.0, 22.0, 22.0, 11.0, 81.0, 29.0, 32.0, 111.0, 62.0, 15.0, 93.0, 193.0, 176.0, 200.0, 200.0, 200.0, 184.0, 161.0, 200.0, 200.0, 200.0, 200.0, 200.0, 200.0, 200.0, 200.0, 200.0, 200.0, 200.0, 200.0, 200.0, 200.0, 200.0, 200.0, 200.0, 200.0, 200.0, 200.0, 164.0, 200.0, 200.0, 200.0, 200.0, 200.0, 200.0, 200.0, 200.0, 200.0, 200.0, 200.0, 200.0, 200.0, 200.0, 200.0, 200.0, 200.0, 200.0, 200.0, 200.0, 200.0, 200.0, 200.0, 200.0, 200.0, 200.0, 200.0, 200.0, 200.0, 200.0, 200.0], "timestamps": [1516537313.6915717, 1516537313.733707, 1516537313.83313, 1516537313.8938339, 1516537313.9397414, 1516537314.6326668, 1516537314.857464, 1516537314.9019156, 1516537314.9663987, 1516537315.0332685, 1516537315.5361023, 1516537315.7433934, 1516537315.8255963, 1516537316.3742154, 1516537317.1180592, 1516537317.2559114, 1516537317.2860641, 1516537317.941521, 1516537318.798108, 1516537320.099386, 1516537321.014164, 1516537322.2204232, 1516537323.4893486, 1516537324.3219154, 1516537325.090971, 1516537326.3277056, 1516537327.5740075, 1516537328.3596702, 1516537329.563992, 1516537330.5142348, 1516537331.862955, 1516537333.1068451, 1516537333.9951413, 1516537335.324795, 1516537336.2052422, 1516537337.4234054, 1516537338.6425805, 1516537339.5289912, 1516537341.398926, 1516537342.2851188, 1516537343.889839, 1516537345.3046253, 1516537346.18908, 1516537347.422498, 1516537348.2525542, 1516537349.4737768, 1516537350.3935387, 1516537351.672491, 1516537353.1465013, 1516537354.837326, 1516537356.4949782, 1516537357.47429, 1516537359.0367765, 1516537361.1982622, 1516537362.8232615, 1516537365.125732, 1516537366.7373435, 1516537369.094035, 1516537371.3009427, 1516537372.831307, 1516537375.0978448, 1516537376.6594205, 1516537379.0395389, 1516537381.4181147, 1516537383.0345511, 1516537385.4477403, 1516537386.9662864, 1516537389.0906034, 1516537391.1833215, 1516537392.8626807, 1516537395.0796244, 1516537396.673622, 1516537398.9956193, 1516537401.2692251, 1516537402.8087716, 1516537405.1340408, 1516537406.6244152], "episode_types": ["t", "t", "t", "t", "t", "t", "t", "t", "t", "t", "t", "t", "t", "t", "t", "t", "t", "t", "t", "t", "t", "t", "t", "t", "t", "t", "t", "t", "t", "t", "t", "t", "t", "t", "t", "t", "t", "t", "t", "t", "t", "t", "t", "t", "t", "t", "t", "t", "t", "t", "t", "t", "t", "t", "t", "t", "t", "t", "t", "t", "t", "t", "t", "t", "t", "t", "t", "t", "t", "t", "t", "t", "t", "t", "t", "t", "t", "t"], "episode_lengths": [24, 14, 37, 22, 18, 15, 53, 16, 22, 22, 11, 81, 29, 32, 111, 62, 15, 93, 193, 176, 200, 200, 200, 184, 161, 200, 200, 200, 200, 200, 200, 200, 200, 200, 200, 200, 200, 200, 200, 200, 200, 200, 200, 200, 200, 164, 200, 200, 200, 200, 200, 200, 200, 200, 200, 200, 200, 200, 200, 200, 200, 200, 200, 200, 200, 200, 200, 200, 200, 200, 200, 200, 200, 200, 200, 200, 200], "initial_reset_timestamp": 1516537313.4154994}