{"episode_rewards": [19.0, 14.0, 11.0, 18.0, 38.0, 19.0, 32.0, 17.0, 29.0, 24.0, 18.0, 36.0, 40.0, 52.0, 108.0, 47.0, 200.0, 200.0, 179.0, 126.0, 200.0, 153.0, 200.0, 200.0, 200.0, 200.0, 200.0, 200.0, 200.0, 200.0, 200.0, 200.0, 200.0, 200.0, 200.0, 200.0, 200.0, 200.0, 200.0, 200.0, 200.0, 200.0, 200.0, 200.0, 200.0, 200.0, 200.0, 200.0, 200.0, 200.0, 200.0, 200.0, 200.0, 200.0, 200.0, 200.0, 200.0, 200.0, 200.0, 200.0, 200.0, 200.0, 200.0, 200.0, 200.0, 200.0, 200.0, 200.0, 200.0, 200.0, 200.0, 200.0, 200.0, 200.0, 200.0, 200.0], "timestamps": [1516537313.676984, 1516537313.71368, 1516537313.750802, 1516537313.8012266, 1516537313.900721, 1516537313.9542463, 1516537314.7233047, 1516537314.8042035, 1516537314.8961964, 1516537314.9664147, 1516537315.0195682, 1516537315.5895786, 1516537315.688463, 1516537315.8336701, 1516537316.6012046, 1516537317.15162, 1516537318.048484, 1516537319.4255834, 1516537320.2236023, 1516537320.9704003, 1516537322.169962, 1516537322.9564302, 1516537324.2089465, 1516537325.0608752, 1516537326.3051682, 1516537327.5481277, 1516537328.335203, 1516537329.5428958, 1516537330.491416, 1516537331.8332136, 1516537333.0796375, 1516537333.9672604, 1516537335.3031583, 1516537336.1828117, 1516537337.393219, 1516537338.611184, 1516537339.5064025, 1516537341.372714, 1516537342.25427, 1516537343.8366938, 1516537345.2725856, 1516537346.166012, 1516537347.3972256, 1516537348.2261496, 1516537349.5257888, 1516537350.8788736, 1516537351.7266304, 1516537353.2394655, 1516537355.0415237, 1516537356.5537498, 1516537357.9745212, 1516537359.1545506, 1516537361.305407, 1516537362.9513276, 1516537365.2254715, 1516537367.4910429, 1516537369.217154, 1516537371.4076705, 1516537372.9385607, 1516537375.230163, 1516537377.468785, 1516537379.1277735, 1516537381.5654366, 1516537383.13969, 1516537385.5481026, 1516537387.7133245, 1516537389.1905563, 1516537391.2856705, 1516537392.9825642, 1516537395.205206, 1516537397.4410083, 1516537399.089286, 1516537401.3711607, 1516537402.9189653, 1516537405.2369714, 1516537407.4336154], "episode_types": ["t", "t", "t", "t", "t", "t", "t", "t", "t", "t", "t", "t", "t", "t", "t", "t", "t", "t", "t", "t", "t", "t", "t", "t", "t", "t", "t", "t", "t", "t", "t", "t", "t", "t", "t", "t", "t", "t", "t", "t", "t", "t", "t", "t", "t", "t", "t", "t", "t", "t", "t", "t", "t", "t", "t", "t", "t", "t", "t", "t", "t", "t", "t", "t", "t", "t", "t", "t", "t", "t", "t", "t", "t", "t", "t", "t", "t"], "episode_lengths": [19, 14, 11, 18, 38, 19, 32, 17, 29, 24, 18, 36, 40, 52, 108, 47, 200, 200, 179, 126, 200, 153, 200, 200, 200, 200, 200, 200, 200, 200, 200, 200, 200, 200, 200, 200, 200, 200, 200, 200, 200, 200, 200, 200, 200, 200, 200, 200, 200, 200, 200, 200, 200, 200, 200, 200, 200, 200, 200, 200, 200, 200, 200, 200, 200, 200, 200, 200, 200, 200, 200, 200, 200, 200, 200, 200], "initial_reset_timestamp": 1516537313.4166958}