{"episode_rewards": [27.0, 44.0, 15.0, 29.0, 10.0, 27.0, 15.0, 22.0, 13.0, 12.0, 17.0, 18.0, 31.0, 26.0, 104.0, 92.0, 163.0, 193.0, 200.0, 152.0, 200.0, 69.0, 184.0, 184.0, 200.0, 195.0, 200.0, 200.0, 200.0, 200.0, 200.0, 200.0, 200.0, 200.0, 200.0, 200.0, 200.0, 200.0, 200.0, 200.0, 200.0, 200.0, 200.0, 200.0, 200.0, 200.0, 200.0, 187.0, 200.0, 200.0, 200.0, 200.0, 200.0, 200.0, 200.0, 200.0, 200.0, 200.0, 200.0, 200.0, 200.0, 200.0, 200.0, 200.0, 200.0, 200.0, 200.0, 200.0, 200.0, 200.0, 200.0, 200.0, 200.0, 200.0, 200.0, 200.0, 200.0], "timestamps": [1516537313.6983173, 1516537313.8234513, 1516537313.8641558, 1516537313.9404213, 1516537313.9727495, 1516537314.7365932, 1516537314.8011174, 1516537314.8727388, 1516537314.911685, 1516537314.9443014, 1516537314.9941666, 1516537315.052192, 1516537315.5993314, 1516537315.6632938, 1516537316.4211607, 1516537317.10382, 1516537317.9125853, 1516537318.7693784, 1516537320.132655, 1516537320.9264238, 1516537322.1231074, 1516537322.3055131, 1516537323.524621, 1516537324.3597844, 1516537325.61742, 1516537326.4455252, 1516537327.6829517, 1516537328.8492584, 1516537329.6875122, 1516537331.0598886, 1516537331.9746506, 1516537333.2425888, 1516537334.5075958, 1516537335.4502175, 1516537336.694664, 1516537337.5410588, 1516537338.7831643, 1516537340.1716144, 1516537341.5272539, 1516537342.8438325, 1516537344.0728428, 1516537345.4272323, 1516537346.6747937, 1516537347.5318246, 1516537348.7795026, 1516537349.6757858, 1516537351.021563, 1516537352.2918882, 1516537353.3867736, 1516537355.7054877, 1516537356.6928551, 1516537358.101351, 1516537360.0516117, 1516537361.5658534, 1516537363.8853323, 1516537365.4655473, 1516537367.7625654, 1516537370.139102, 1516537371.6493623, 1516537373.8690844, 1516537375.4544084, 1516537377.7260003, 1516537380.1189141, 1516537381.842256, 1516537384.1245677, 1516537385.7361221, 1516537387.9371495, 1516537390.054628, 1516537391.560694, 1516537393.848322, 1516537395.4234362, 1516537397.6917994, 1516537399.9669821, 1516537401.6106052, 1516537403.8165603, 1516537405.4668925, 1516537407.6751187], "episode_types": ["t", "t", "t", "t", "t", "t", "t", "t", "t", "t", "t", "t", "t", "t", "t", "t", "t", "t", "t", "t", "t", "t", "t", "t", "t", "t", "t", "t", "t", "t", "t", "t", "t", "t", "t", "t", "t", "t", "t", "t", "t", "t", "t", "t", "t", "t", "t", "t", "t", "t", "t", "t", "t", "t", "t", "t", "t", "t", "t", "t", "t", "t", "t", "t", "t", "t", "t", "t", "t", "t", "t", "t", "t", "t", "t", "t", "t", "t"], "episode_lengths": [27, 44, 15, 29, 10, 27, 15, 22, 13, 12, 17, 18, 31, 26, 104, 92, 163, 193, 200, 152, 200, 69, 184, 184, 200, 195, 200, 200, 200, 200, 200, 200, 200, 200, 200, 200, 200, 200, 200, 200, 200, 200, 200, 200, 200, 200, 200, 187, 200, 200, 200, 200, 200, 200, 200, 200, 200, 200, 200, 200, 200, 200, 200, 200, 200, 200, 200, 200, 200, 200, 200, 200, 200, 200, 200, 200, 200], "initial_reset_timestamp": 1516537313.4163773}