{"episode_rewards": [35.0, 9.0, 25.0, 20.0, 26.0, 27.0, 39.0, 24.0, 24.0, 22.0, 99.0, 72.0, 36.0, 43.0, 80.0, 13.0, 62.0, 200.0, 56.0, 200.0, 106.0, 101.0, 199.0, 160.0, 200.0, 200.0, 200.0, 200.0, 200.0, 200.0, 200.0, 200.0, 200.0, 200.0, 200.0, 200.0, 200.0, 200.0, 200.0, 200.0, 200.0, 200.0, 200.0, 200.0, 200.0, 200.0, 200.0, 159.0, 200.0, 200.0, 178.0, 200.0, 200.0, 200.0, 200.0, 200.0, 200.0, 200.0, 200.0, 200.0, 200.0, 200.0, 200.0, 200.0, 200.0, 200.0, 200.0, 200.0, 200.0, 200.0, 200.0, 200.0, 200.0, 200.0, 200.0, 200.0, 200.0, 200.0], "timestamps": [1516537313.7208135, 1516537313.750907, 1516537313.8178775, 1516537313.8722034, 1516537313.9416263, 1516537314.6897206, 1516537314.841675, 1516537314.9229329, 1516537314.9880142, 1516537315.5280814, 1516537315.7866344, 1516537316.4537506, 1516537316.5534792, 1516537317.1010106, 1516537317.2783122, 1516537317.3072667, 1516537317.8915386, 1516537318.7623904, 1516537319.3943572, 1516537320.2538013, 1516537320.9496512, 1516537321.5473666, 1516537322.8059497, 1516537323.5572872, 1516537324.826911, 1516537325.688057, 1516537326.9190245, 1516537327.760323, 1516537328.931777, 1516537330.241006, 1516537331.1434145, 1516537332.453485, 1516537333.333857, 1516537334.6351292, 1516537335.9634097, 1516537336.788462, 1516537338.0175683, 1516537338.884316, 1516537340.308136, 1516537342.0075352, 1516537342.9779203, 1516537344.6286263, 1516537345.5210645, 1516537346.7649417, 1516537348.0097592, 1516537348.8831122, 1516537350.1819525, 1516537351.007451, 1516537352.3458526, 1516537353.4083555, 1516537355.6713905, 1516537356.6270096, 1516537358.0607378, 1516537359.3105917, 1516537361.4949222, 1516537363.804786, 1516537365.3923762, 1516537367.684122, 1516537369.3572738, 1516537371.554859, 1516537373.800669, 1516537375.3839972, 1516537377.6740158, 1516537379.2687259, 1516537381.7453153, 1516537384.0529444, 1516537385.6795118, 1516537387.8688385, 1516537389.3466809, 1516537391.4805298, 1516537393.7838266, 1516537395.3515713, 1516537397.6314464, 1516537399.222963, 1516537401.5316615, 1516537403.733839, 1516537405.3992786, 1516537407.602633], "episode_types": ["t", "t", "t", "t", "t", "t", "t", "t", "t", "t", "t", "t", "t", "t", "t", "t", "t", "t", "t", "t", "t", "t", "t", "t", "t", "t", "t", "t", "t", "t", "t", "t", "t", "t", "t", "t", "t", "t", "t", "t", "t", "t", "t", "t", "t", "t", "t", "t", "t", "t", "t", "t", "t", "t", "t", "t", "t", "t", "t", "t", "t", "t", "t", "t", "t", "t", "t", "t", "t", "t", "t", "t", "t", "t", "t", "t", "t", "t", "t"], "episode_lengths": [35, 9, 25, 20, 26, 27, 39, 24, 24, 22, 99, 72, 36, 43, 80, 13, 62, 200, 56, 200, 106, 101, 199, 160, 200, 200, 200, 200, 200, 200, 200, 200, 200, 200, 200, 200, 200, 200, 200, 200, 200, 200, 200, 200, 200, 200, 200, 159, 200, 200, 178, 200, 200, 200, 200, 200, 200, 200, 200, 200, 200, 200, 200, 200, 200, 200, 200, 200, 200, 200, 200, 200, 200, 200, 200, 200, 200, 200], "initial_reset_timestamp": 1516537313.4183884}