{"Epoch": 0, "AverageReturn": 1.530612244897959, "MinReturn": 0.0, "MaxReturn": 5.0, "StdReturn": 1.326373617083422, "AverageEpisodeLength": 781.3469387755102, "MinEpisodeLength": 509.0, "MaxEpisodeLength": 1301.0, "StdEpisodeLength": 215.71604077057168, "TotalNEpisodes": 49, "TotalNSamples": 38286.0, "Entropy": 1.3493183851242065, "Perplexity": 3.854797124862671, "AveragePolicyProb[0]": 0.25197121500968933, "AveragePolicyProb[1]": 0.22523827850818634, "AveragePolicyProb[2]": 0.2583826184272766, "AveragePolicyProb[3]": 0.2644084393978119, "|VfPred|": 0.5911157131195068, "|VfTarget|": 0.5038242936134338, "VfLoss": 0.7000279426574707}
{"Epoch": 1, "AverageReturn": 1.74, "MinReturn": 0.0, "MaxReturn": 9.0, "StdReturn": 1.566014048468276, "AverageEpisodeLength": 832.01, "MinEpisodeLength": 509.0, "MaxEpisodeLength": 1623.0, "StdEpisodeLength": 247.51943337847234, "TotalNEpisodes": 101, "TotalNSamples": 83733.0, "Entropy": 1.3692865371704102, "Perplexity": 3.932543992996216, "AveragePolicyProb[0]": 0.2697225511074066, "AveragePolicyProb[1]": 0.229373037815094, "AveragePolicyProb[2]": 0.29161474108695984, "AveragePolicyProb[3]": 0.209290012717247, "|VfPred|": 0.3086513876914978, "|VfTarget|": 0.29090577363967896, "VfLoss": 0.09415661543607712}
{"Epoch": 2, "AverageReturn": 1.87, "MinReturn": 0.0, "MaxReturn": 9.0, "StdReturn": 1.474143819306651, "AverageEpisodeLength": 873.98, "MinEpisodeLength": 529.0, "MaxEpisodeLength": 1623.0, "StdEpisodeLength": 226.8342998754818, "TotalNEpisodes": 151, "TotalNSamples": 127729.0, "Entropy": 1.3736366033554077, "Perplexity": 3.949687957763672, "AveragePolicyProb[0]": 0.27404719591140747, "AveragePolicyProb[1]": 0.265109121799469, "AveragePolicyProb[2]": 0.2623648941516876, "AveragePolicyProb[3]": 0.19847795367240906, "|VfPred|": 0.3574412167072296, "|VfTarget|": 0.35380256175994873, "VfLoss": 0.06925708055496216}
{"Epoch": 3, "AverageReturn": 1.86, "MinReturn": 0.0, "MaxReturn": 5.0, "StdReturn": 1.2491597175701754, "AverageEpisodeLength": 867.19, "MinEpisodeLength": 532.0, "MaxEpisodeLength": 1442.0, "StdEpisodeLength": 209.39172357091863, "TotalNEpisodes": 201, "TotalNSamples": 170452.0, "Entropy": 1.3733420372009277, "Perplexity": 3.9485247135162354, "AveragePolicyProb[0]": 0.25401797890663147, "AveragePolicyProb[1]": 0.260246604681015, "AveragePolicyProb[2]": 0.2865777611732483, "AveragePolicyProb[3]": 0.19915901124477386, "|VfPred|": 0.35979780554771423, "|VfTarget|": 0.3612326681613922, "VfLoss": 0.06475010514259338}
{"Epoch": 4, "AverageReturn": 2.02, "MinReturn": 0.0, "MaxReturn": 7.0, "StdReturn": 1.4420818284688286, "AverageEpisodeLength": 887.78, "MinEpisodeLength": 528.0, "MaxEpisodeLength": 1794.0, "StdEpisodeLength": 247.53842449203722, "TotalNEpisodes": 257, "TotalNSamples": 222027.0, "Entropy": 1.3557461500167847, "Perplexity": 3.8796546459198, "AveragePolicyProb[0]": 0.26271793246269226, "AveragePolicyProb[1]": 0.23636643588542938, "AveragePolicyProb[2]": 0.32408052682876587, "AveragePolicyProb[3]": 0.1768350452184677, "|VfPred|": 0.4521733820438385, "|VfTarget|": 0.4503651261329651, "VfLoss": 0.06614990532398224}
{"Epoch": 5, "AverageReturn": 2.14, "MinReturn": 0.0, "MaxReturn": 7.0, "StdReturn": 1.4423591785682233, "AverageEpisodeLength": 919.16, "MinEpisodeLength": 528.0, "MaxEpisodeLength": 1794.0, "StdEpisodeLength": 248.41641330636753, "TotalNEpisodes": 304, "TotalNSamples": 265422.0, "Entropy": 1.3601945638656616, "Perplexity": 3.89695143699646, "AveragePolicyProb[0]": 0.26817020773887634, "AveragePolicyProb[1]": 0.2512301206588745, "AveragePolicyProb[2]": 0.3067439794540405, "AveragePolicyProb[3]": 0.17385591566562653, "|VfPred|": 0.42406710982322693, "|VfTarget|": 0.4186098575592041, "VfLoss": 0.053893715143203735}
{"Epoch": 6, "AverageReturn": 2.04, "MinReturn": 0.0, "MaxReturn": 6.0, "StdReturn": 1.4136477637657834, "AverageEpisodeLength": 911.11, "MinEpisodeLength": 548.0, "MaxEpisodeLength": 1562.0, "StdEpisodeLength": 244.87351408431252, "TotalNEpisodes": 357, "TotalNSamples": 313138.0, "Entropy": 1.353902816772461, "Perplexity": 3.872509717941284, "AveragePolicyProb[0]": 0.2624838352203369, "AveragePolicyProb[1]": 0.2571535110473633, "AveragePolicyProb[2]": 0.31015530228614807, "AveragePolicyProb[3]": 0.17020878195762634, "|VfPred|": 0.4649333357810974, "|VfTarget|": 0.466033011674881, "VfLoss": 0.04272505268454552}
{"Epoch": 7, "AverageReturn": 1.97, "MinReturn": 0.0, "MaxReturn": 5.0, "StdReturn": 1.3073255141700557, "AverageEpisodeLength": 888.4, "MinEpisodeLength": 521.0, "MaxEpisodeLength": 1489.0, "StdEpisodeLength": 226.55215735013428, "TotalNEpisodes": 405, "TotalNSamples": 354822.0, "Entropy": 1.3566954135894775, "Perplexity": 3.8833391666412354, "AveragePolicyProb[0]": 0.2727988064289093, "AveragePolicyProb[1]": 0.273255854845047, "AveragePolicyProb[2]": 0.2842814326286316, "AveragePolicyProb[3]": 0.16966533660888672, "|VfPred|": 0.40932872891426086, "|VfTarget|": 0.40815991163253784, "VfLoss": 0.02483300492167473}
{"Epoch": 8, "AverageReturn": 2.06, "MinReturn": 0.0, "MaxReturn": 5.0, "StdReturn": 1.294758664771161, "AverageEpisodeLength": 890.6, "MinEpisodeLength": 510.0, "MaxEpisodeLength": 1446.0, "StdEpisodeLength": 219.14716516532903, "TotalNEpisodes": 455, "TotalNSamples": 400453.0, "Entropy": 1.3549669981002808, "Perplexity": 3.8766329288482666, "AveragePolicyProb[0]": 0.255881130695343, "AveragePolicyProb[1]": 0.2611630856990814, "AveragePolicyProb[2]": 0.30680087208747864, "AveragePolicyProb[3]": 0.17615509033203125, "|VfPred|": 0.4162538945674896, "|VfTarget|": 0.4143427014350891, "VfLoss": 0.03008808195590973}
{"Epoch": 9, "AverageReturn": 2.23, "MinReturn": 0.0, "MaxReturn": 8.0, "StdReturn": 1.4822617852457776, "AverageEpisodeLength": 920.88, "MinEpisodeLength": 510.0, "MaxEpisodeLength": 1446.0, "StdEpisodeLength": 239.93029321034058, "TotalNEpisodes": 504, "TotalNSamples": 445858.0, "Entropy": 1.3486226797103882, "Perplexity": 3.852116346359253, "AveragePolicyProb[0]": 0.265737920999527, "AveragePolicyProb[1]": 0.2561419904232025, "AveragePolicyProb[2]": 0.31306830048561096, "AveragePolicyProb[3]": 0.1650530844926834, "|VfPred|": 0.45207902789115906, "|VfTarget|": 0.4503072500228882, "VfLoss": 0.027045367285609245}
{"Epoch": 10, "AverageReturn": 2.32, "MinReturn": 0.0, "MaxReturn": 9.0, "StdReturn": 1.7428711943227473, "AverageEpisodeLength": 935.85, "MinEpisodeLength": 519.0, "MaxEpisodeLength": 1848.0, "StdEpisodeLength": 277.7021921051399, "TotalNEpisodes": 551, "TotalNSamples": 490295.0, "Entropy": 1.3553287982940674, "Perplexity": 3.8780357837677, "AveragePolicyProb[0]": 0.258400559425354, "AveragePolicyProb[1]": 0.28986865282058716, "AveragePolicyProb[2]": 0.2780957818031311, "AveragePolicyProb[3]": 0.17363527417182922, "|VfPred|": 0.4216800332069397, "|VfTarget|": 0.4209021329879761, "VfLoss": 0.031072530895471573}
{"Epoch": 11, "AverageReturn": 2.49, "MinReturn": 0.0, "MaxReturn": 9.0, "StdReturn": 1.7233397807745285, "AverageEpisodeLength": 962.79, "MinEpisodeLength": 519.0, "MaxEpisodeLength": 1848.0, "StdEpisodeLength": 273.6285180678359, "TotalNEpisodes": 597, "TotalNSamples": 535443.0, "Entropy": 1.3362716436386108, "Perplexity": 3.8048312664031982, "AveragePolicyProb[0]": 0.26588940620422363, "AveragePolicyProb[1]": 0.2903454601764679, "AveragePolicyProb[2]": 0.28509193658828735, "AveragePolicyProb[3]": 0.1586720049381256, "|VfPred|": 0.6013478636741638, "|VfTarget|": 0.5660483241081238, "VfLoss": 0.18044860661029816}
{"Epoch": 12, "AverageReturn": 2.41, "MinReturn": 0.0, "MaxReturn": 6.0, "StdReturn": 1.4497930886854162, "AverageEpisodeLength": 955.39, "MinEpisodeLength": 529.0, "MaxEpisodeLength": 1574.0, "StdEpisodeLength": 244.0669537237682, "TotalNEpisodes": 646, "TotalNSamples": 581415.0, "Entropy": 1.3514785766601562, "Perplexity": 3.863133192062378, "AveragePolicyProb[0]": 0.2744961082935333, "AveragePolicyProb[1]": 0.2701822519302368, "AveragePolicyProb[2]": 0.28739306330680847, "AveragePolicyProb[3]": 0.16792897880077362,