{"episode_lengths": [43, 16, 12, 9, 10, 15, 15, 63, 35, 47, 40, 42, 133, 147, 199, 160, 178, 200, 192, 171, 200, 172, 200, 200, 200, 200, 200, 200, 200, 200, 200, 200, 200, 200, 200, 200, 200, 200, 200, 200, 200, 200, 200, 200, 200, 200, 200, 200, 200, 200, 200, 200, 200, 200, 200, 200, 65, 36, 200, 200, 200, 200, 200, 200, 200, 200, 200, 200, 200, 200, 200, 200, 200, 200, 200], "episode_types": ["t", "t", "t", "t", "t", "t", "t", "t", "t", "t", "t", "t", "t", "t", "t", "t", "t", "t", "t", "t", "t", "t", "t", "t", "t", "t", "t", "t", "t", "t", "t", "t", "t", "t", "t", "t", "t", "t", "t", "t", "t", "t", "t", "t", "t", "t", "t", "t", "t", "t", "t", "t", "t", "t", "t", "t", "t", "t", "t", "t", "t", "t", "t", "t", "t", "t", "t", "t", "t", "t", "t", "t", "t", "t", "t", "t"], "timestamps": [1516486410.5308514, 1516486410.6081645, 1516486410.6568205, 1516486410.6923668, 1516486410.7399876, 1516486410.8279479, 1516486410.8996842, 1516486411.492885, 1516486411.6278262, 1516486412.1121721, 1516486412.2645347, 1516486412.429387, 1516486413.26401, 1516486414.5131571, 1516486415.7787552, 1516486416.6482625, 1516486418.0687041, 1516486419.14432, 1516486420.638044, 1516486421.6999168, 1516486423.1443295, 1516486424.1730416, 1516486425.697473, 1516486427.0686133, 1516486429.2409408, 1516486430.9656146, 1516486432.448964, 1516486433.9100316, 1516486435.3173485, 1516486437.0507343, 1516486438.928625, 1516486440.1223805, 1516486441.6611414, 1516486442.8603737, 1516486444.1766677, 1516486445.6501997, 1516486447.054737, 1516486448.4472368, 1516486449.6965432, 1516486451.1458893, 1516486452.7625842, 1516486453.813005, 1516486455.4826381, 1516486456.6120694, 1516486457.9681032, 1516486459.3632078, 1516486460.3830917, 1516486461.862952, 1516486463.2436783, 1516486464.647227, 1516486465.9177399, 1516486466.9920607, 1516486468.3474798, 1516486469.3591719, 1516486471.1814086, 1516486473.2460744, 1516486473.7561896, 1516486473.9934928, 1516486475.6122785, 1516486478.097904, 1516486479.9621336, 1516486482.4799812, 1516486484.5287275, 1516486487.1154451, 1516486489.8026624, 1516486493.1356843, 1516486495.6748106, 1516486497.7841399, 1516486500.5600576, 1516486503.3575535, 1516486505.4605885, 1516486508.4937425, 1516486510.5889146, 1516486513.1045132, 1516486515.4249978], "initial_reset_timestamp": 1516486410.3465748, "episode_rewards": [43.0, 16.0, 12.0, 9.0, 10.0, 15.0, 15.0, 63.0, 35.0, 47.0, 40.0, 42.0, 133.0, 147.0, 199.0, 160.0, 178.0, 200.0, 192.0, 171.0, 200.0, 172.0, 200.0, 200.0, 200.0, 200.0, 200.0, 200.0, 200.0, 200.0, 200.0, 200.0, 200.0, 200.0, 200.0, 200.0, 200.0, 200.0, 200.0, 200.0, 200.0, 200.0, 200.0, 200.0, 200.0, 200.0, 200.0, 200.0, 200.0, 200.0, 200.0, 200.0, 200.0, 200.0, 200.0, 200.0, 65.0, 36.0, 200.0, 200.0, 200.0, 200.0, 200.0, 200.0, 200.0, 200.0, 200.0, 200.0, 200.0, 200.0, 200.0, 200.0, 200.0, 200.0, 200.0]}