{"episode_lengths": [18, 25, 13, 21, 20, 15, 41, 89, 48, 40, 47, 200, 200, 170, 187, 200, 185, 167, 200, 153, 200, 200, 200, 200, 200, 200, 200, 200, 200, 200, 200, 200, 200, 200, 200, 200, 200, 200, 200, 200, 200, 200, 200, 200, 200, 200, 200, 200, 200, 200, 200, 200, 200, 166, 101, 10, 200, 200, 200, 200, 200, 200, 200, 200, 200, 200, 200, 200, 200, 200, 200, 200, 200], "episode_types": ["t", "t", "t", "t", "t", "t", "t", "t", "t", "t", "t", "t", "t", "t", "t", "t", "t", "t", "t", "t", "t", "t", "t", "t", "t", "t", "t", "t", "t", "t", "t", "t", "t", "t", "t", "t", "t", "t", "t", "t", "t", "t", "t", "t", "t", "t", "t", "t", "t", "t", "t", "t", "t", "t", "t", "t", "t", "t", "t", "t", "t", "t", "t", "t", "t", "t", "t", "t", "t", "t", "t", "t", "t", "t"], "timestamps": [1516486410.4267657, 1516486410.5308998, 1516486410.5933645, 1516486410.6779528, 1516486410.774769, 1516486410.8575625, 1516486411.364414, 1516486411.714349, 1516486412.211715, 1516486412.3734312, 1516486412.8659637, 1516486413.8916266, 1516486415.592394, 1516486416.508221, 1516486417.9295928, 1516486418.9962292, 1516486420.4261887, 1516486421.528141, 1516486422.9480233, 1516486423.907908, 1516486425.129722, 1516486426.7727447, 1516486428.7982838, 1516486430.234776, 1516486432.2067978, 1516486433.3975422, 1516486434.8720827, 1516486436.6815445, 1516486438.3051946, 1516486439.8788593, 1516486441.0927613, 1516486442.6266692, 1516486443.9299507, 1516486445.0909548, 1516486446.6956928, 1516486447.9258535, 1516486449.4616783, 1516486450.921143, 1516486452.1505668, 1516486453.5926054, 1516486454.7651002, 1516486456.355124, 1516486457.664603, 1516486458.830021, 1516486460.1611838, 1516486461.367509, 1516486462.8824222, 1516486464.3946908, 1516486465.4343438, 1516486466.7658331, 1516486467.8397653, 1516486469.129714, 1516486470.7337215, 1516486472.2808363, 1516486473.3046913, 1516486473.3684087, 1516486474.8907716, 1516486476.9818735, 1516486479.3504972, 1516486481.2407694, 1516486483.8052948, 1516486486.0123281, 1516486488.335585, 1516486492.415168, 1516486494.33748, 1516486497.0054226, 1516486499.2004957, 1516486502.102475, 1516486504.913881, 1516486507.1249976, 1516486509.922741, 1516486511.9019346, 1516486514.432239], "initial_reset_timestamp": 1516486410.3462102, "episode_rewards": [18.0, 25.0, 13.0, 21.0, 20.0, 15.0, 41.0, 89.0, 48.0, 40.0, 47.0, 200.0, 200.0, 170.0, 187.0, 200.0, 185.0, 167.0, 200.0, 153.0, 200.0, 200.0, 200.0, 200.0, 200.0, 200.0, 200.0, 200.0, 200.0, 200.0, 200.0, 200.0, 200.0, 200.0, 200.0, 200.0, 200.0, 200.0, 200.0, 200.0, 200.0, 200.0, 200.0, 200.0, 200.0, 200.0, 200.0, 200.0, 200.0, 200.0, 200.0, 200.0, 200.0, 166.0, 101.0, 10.0, 200.0, 200.0, 200.0, 200.0, 200.0, 200.0, 200.0, 200.0, 200.0, 200.0, 200.0, 200.0, 200.0, 200.0, 200.0, 200.0, 200.0]}