{"episode_lengths": [19, 14, 11, 18, 38, 19, 109, 67, 57, 87, 64, 99, 133, 200, 200, 200, 200, 200, 165, 200, 200, 200, 200, 200, 200, 200, 200, 200, 200, 200, 200, 200, 200, 200, 200, 200, 200, 200, 200, 200, 200, 200, 200, 200, 200, 200, 200, 200, 200, 200, 200, 200, 200, 101, 82, 40, 11, 200, 200, 200, 200, 200, 200, 200, 200, 200, 200, 200, 200, 200, 200, 200, 200, 200], "episode_types": ["t", "t", "t", "t", "t", "t", "t", "t", "t", "t", "t", "t", "t", "t", "t", "t", "t", "t", "t", "t", "t", "t", "t", "t", "t", "t", "t", "t", "t", "t", "t", "t", "t", "t", "t", "t", "t", "t", "t", "t", "t", "t", "t", "t", "t", "t", "t", "t", "t", "t", "t", "t", "t", "t", "t", "t", "t", "t", "t", "t", "t", "t", "t", "t", "t", "t", "t", "t", "t", "t", "t", "t", "t", "t", "t"], "timestamps": [1516486410.4292967, 1516486410.4886074, 1516486410.5410087, 1516486410.616862, 1516486410.7841952, 1516486410.8968182, 1516486411.6619415, 1516486412.2302759, 1516486412.4654636, 1516486413.114985, 1516486413.6125264, 1516486413.9910276, 1516486415.0883892, 1516486416.4609785, 1516486417.9323294, 1516486419.013769, 1516486420.5248556, 1516486421.7406867, 1516486423.019208, 1516486424.1822019, 1516486425.700644, 1516486427.0741148, 1516486429.2506597, 1516486430.9783323, 1516486432.4626255, 1516486433.9128783, 1516486435.3257978, 1516486437.0536644, 1516486438.931526, 1516486440.1387906, 1516486441.6645033, 1516486442.8641267, 1516486444.17986, 1516486445.6548264, 1516486447.058631, 1516486448.4505465, 1516486449.7009885, 1516486451.1500802, 1516486452.7656145, 1516486453.8163598, 1516486455.4929118, 1516486456.6159518, 1516486457.9746637, 1516486459.3661914, 1516486460.392004, 1516486461.8671234, 1516486463.2471638, 1516486464.6508722, 1516486465.9266968, 1516486466.9957917, 1516486468.357301, 1516486469.3656902, 1516486471.1931198, 1516486472.2546813, 1516486473.1009715, 1516486473.39754, 1516486473.4894788, 1516486475.3303342, 1516486477.1307132, 1516486479.460437, 1516486481.3981786, 1516486483.991217, 1516486486.6206043, 1516486488.5107818, 1516486492.5653498, 1516486494.514516, 1516486497.2443821, 1516486500.006991, 1516486502.2330713, 1516486505.0257704, 1516486507.3038583, 1516486510.0480158, 1516486512.5429678, 1516486514.5426433], "initial_reset_timestamp": 1516486410.3441007, "episode_rewards": [19.0, 14.0, 11.0, 18.0, 38.0, 19.0, 109.0, 67.0, 57.0, 87.0, 64.0, 99.0, 133.0, 200.0, 200.0, 200.0, 200.0, 200.0, 165.0, 200.0, 200.0, 200.0, 200.0, 200.0, 200.0, 200.0, 200.0, 200.0, 200.0, 200.0, 200.0, 200.0, 200.0, 200.0, 200.0, 200.0, 200.0, 200.0, 200.0, 200.0, 200.0, 200.0, 200.0, 200.0, 200.0, 200.0, 200.0, 200.0, 200.0, 200.0, 200.0, 200.0, 200.0, 101.0, 82.0, 40.0, 11.0, 200.0, 200.0, 200.0, 200.0, 200.0, 200.0, 200.0, 200.0, 200.0, 200.0, 200.0, 200.0, 200.0, 200.0, 200.0, 200.0, 200.0]}