{"episode_lengths": [35, 9, 25, 20, 26, 19, 40, 44, 112, 156, 200, 95, 200, 159, 200, 200, 150, 159, 144, 200, 200, 200, 200, 200, 200, 200, 200, 200, 200, 200, 200, 200, 200, 200, 200, 200, 200, 200, 200, 200, 200, 200, 200, 200, 200, 200, 200, 200, 200, 200, 200, 200, 200, 111, 53, 200, 200, 200, 200, 200, 200, 200, 200, 200, 200, 200, 200, 200, 200, 200, 200, 200], "episode_types": ["t", "t", "t", "t", "t", "t", "t", "t", "t", "t", "t", "t", "t", "t", "t", "t", "t", "t", "t", "t", "t", "t", "t", "t", "t", "t", "t", "t", "t", "t", "t", "t", "t", "t", "t", "t", "t", "t", "t", "t", "t", "t", "t", "t", "t", "t", "t", "t", "t", "t", "t", "t", "t", "t", "t", "t", "t", "t", "t", "t", "t", "t", "t", "t", "t", "t", "t", "t", "t", "t", "t", "t", "t"], "timestamps": [1516486410.4956334, 1516486410.5410054, 1516486410.6442215, 1516486410.7302964, 1516486410.8797493, 1516486411.2965539, 1516486411.4561982, 1516486411.6268902, 1516486412.3733368, 1516486413.28287, 1516486414.8548608, 1516486415.6079419, 1516486416.6305232, 1516486417.963825, 1516486419.0447168, 1516486420.5697896, 1516486421.5439491, 1516486422.528252, 1516486423.4313366, 1516486424.9002101, 1516486426.497702, 1516486427.9723396, 1516486430.050756, 1516486431.6255813, 1516486433.2264228, 1516486434.6459568, 1516486436.1961837, 1516486438.0177717, 1516486439.424264, 1516486440.8493776, 1516486442.4003024, 1516486443.4956791, 1516486444.8923335, 1516486446.067275, 1516486447.7443588, 1516486449.267333, 1516486450.3741987, 1516486451.9859412, 1516486453.1313305, 1516486454.52464, 1516486456.1708505, 1516486457.261395, 1516486458.666456, 1516486459.756899, 1516486461.1377902, 1516486462.572737, 1516486463.9089863, 1516486465.2778206, 1516486466.3106532, 1516486467.6774027, 1516486468.9626918, 1516486470.1272478, 1516486472.195454, 1516486473.2976713, 1516486473.6569207, 1516486475.4087865, 1516486477.2662935, 1516486479.6060154, 1516486482.0654092, 1516486484.1962364, 1516486486.7810278, 1516486488.6867902, 1516486492.756945, 1516486495.2768168, 1516486497.417123, 1516486500.2014515, 1516486502.4219134, 1516486505.1676588, 1516486508.0828052, 1516486510.2307723, 1516486512.7258086, 1516486514.6694098], "initial_reset_timestamp": 1516486410.3459792, "episode_rewards": [35.0, 9.0, 25.0, 20.0, 26.0, 19.0, 40.0, 44.0, 112.0, 156.0, 200.0, 95.0, 200.0, 159.0, 200.0, 200.0, 150.0, 159.0, 144.0, 200.0, 200.0, 200.0, 200.0, 200.0, 200.0, 200.0, 200.0, 200.0, 200.0, 200.0, 200.0, 200.0, 200.0, 200.0, 200.0, 200.0, 200.0, 200.0, 200.0, 200.0, 200.0, 200.0, 200.0, 200.0, 200.0, 200.0, 200.0, 200.0, 200.0, 200.0, 200.0, 200.0, 200.0, 111.0, 53.0, 200.0, 200.0, 200.0, 200.0, 200.0, 200.0, 200.0, 200.0, 200.0, 200.0, 200.0, 200.0, 200.0, 200.0, 200.0, 200.0, 200.0]}