{"episode_lengths": [27, 21, 42, 36, 63, 200, 200, 166, 200, 200, 200, 200, 200, 161, 165, 200, 200, 200, 200, 200, 200, 200, 200, 200, 200, 200, 200, 200, 200, 200, 200, 200, 200, 200, 200, 200, 200, 200, 200, 200, 200, 200, 200, 200, 200, 200, 200, 200, 200, 10, 109, 200, 200, 200, 200, 200, 200, 200, 200, 200, 200, 200, 200, 200, 200, 200, 200, 200], "episode_types": ["t", "t", "t", "t", "t", "t", "t", "t", "t", "t", "t", "t", "t", "t", "t", "t", "t", "t", "t", "t", "t", "t", "t", "t", "t", "t", "t", "t", "t", "t", "t", "t", "t", "t", "t", "t", "t", "t", "t", "t", "t", "t", "t", "t", "t", "t", "t", "t", "t", "t", "t", "t", "t", "t", "t", "t", "t", "t", "t", "t", "t", "t", "t", "t", "t", "t", "t", "t", "t"], "timestamps": [1516486410.4635935, 1516486410.558283, 1516486410.7332466, 1516486411.264338, 1516486411.5129902, 1516486412.9159884, 1516486413.9397142, 1516486415.513296, 1516486416.5331569, 1516486418.0373023, 1516486419.1098619, 1516486420.6347013, 1516486422.1266246, 1516486423.0819776, 1516486424.0773606, 1516486425.620545, 1516486426.9927726, 1516486429.1165667, 1516486430.8296428, 1516486432.3770118, 1516486433.8427472, 1516486435.1861005, 1516486436.9071758, 1516486438.8476264, 1516486440.0498223, 1516486441.5650384, 1516486442.7934527, 1516486444.1102417, 1516486445.5404909, 1516486446.932508, 1516486448.3676884, 1516486449.63949, 1516486451.0805714, 1516486452.6890063, 1516486453.745267, 1516486455.3801515, 1516486456.541344, 1516486457.8507202, 1516486459.2945514, 1516486460.3250492, 1516486461.797093, 1516486463.152948, 1516486464.5890067, 1516486465.8455253, 1516486466.925823, 1516486468.280457, 1516486469.27895, 1516486470.978564, 1516486473.092926, 1516486473.1518404, 1516486473.9934208, 1516486475.612231, 1516486478.0978963, 1516486479.9608014, 1516486482.482084, 1516486484.5287066, 1516486487.1178, 1516486489.8066874, 1516486493.135791, 1516486495.671616, 1516486497.784067, 1516486500.562704, 1516486503.3591077, 1516486505.4601638, 1516486508.4933765, 1516486510.5980518, 1516486513.1061428, 1516486515.4266691], "initial_reset_timestamp": 1516486410.3452082, "episode_rewards": [27.0, 21.0, 42.0, 36.0, 63.0, 200.0, 200.0, 166.0, 200.0, 200.0, 200.0, 200.0, 200.0, 161.0, 165.0, 200.0, 200.0, 200.0, 200.0, 200.0, 200.0, 200.0, 200.0, 200.0, 200.0, 200.0, 200.0, 200.0, 200.0, 200.0, 200.0, 200.0, 200.0, 200.0, 200.0, 200.0, 200.0, 200.0, 200.0, 200.0, 200.0, 200.0, 200.0, 200.0, 200.0, 200.0, 200.0, 200.0, 200.0, 10.0, 109.0, 200.0, 200.0, 200.0, 200.0, 200.0, 200.0, 200.0, 200.0, 200.0, 200.0, 200.0, 200.0, 200.0, 200.0, 200.0, 200.0, 200.0]}