{"episode_lengths": [27, 18, 43, 39, 42, 64, 64, 71, 76, 200, 200, 85, 186, 192, 200, 200, 200, 200, 200, 200, 200, 200, 200, 200, 200, 200, 200, 200, 200, 200, 200, 200, 200, 200, 200, 200, 200, 200, 200, 200, 200, 200, 200, 200, 200, 200, 200, 200, 200, 200, 200, 200, 38, 11, 12, 200, 200, 200, 200, 200, 200, 200, 200, 200, 200, 200, 200, 200, 200, 200, 200, 200], "episode_types": ["t", "t", "t", "t", "t", "t", "t", "t", "t", "t", "t", "t", "t", "t", "t", "t", "t", "t", "t", "t", "t", "t", "t", "t", "t", "t", "t", "t", "t", "t", "t", "t", "t", "t", "t", "t", "t", "t", "t", "t", "t", "t", "t", "t", "t", "t", "t", "t", "t", "t", "t", "t", "t", "t", "t", "t", "t", "t", "t", "t", "t", "t", "t", "t", "t", "t", "t", "t", "t", "t", "t", "t", "t"], "timestamps": [1516486410.462708, 1516486410.5443215, 1516486410.7271006, 1516486411.2683787, 1516486411.4348445, 1516486411.6822984, 1516486412.2395356, 1516486412.52691, 1516486413.1408587, 1516486414.5765631, 1516486415.8473556, 1516486416.4270737, 1516486417.5237138, 1516486418.851547, 1516486420.332831, 1516486421.6273258, 1516486423.0469813, 1516486424.2146986, 1516486425.7323132, 1516486427.456499, 1516486429.28888, 1516486431.0115108, 1516486432.5067253, 1516486433.9432087, 1516486435.7641015, 1516486437.0947049, 1516486438.9662309, 1516486440.1696901, 1516486441.7123833, 1516486443.1675296, 1516486444.2104783, 1516486445.6981425, 1516486447.0776818, 1516486448.508247, 1516486450.0457451, 1516486451.1792827, 1516486452.794386, 1516486453.8399804, 1516486455.5530918, 1516486456.9209225, 1516486458.0018904, 1516486459.3921115, 1516486460.4167998, 1516486461.8921273, 1516486463.5649362, 1516486464.6817415, 1516486465.9564934, 1516486467.0206232, 1516486468.3805573, 1516486469.7675307, 1516486471.2684588, 1516486473.3106494, 1516486473.5746644, 1516486473.653032, 1516486473.7706535, 1516486475.4609818, 1516486477.360742, 1516486479.682774, 1516486482.1586401, 1516486484.312926, 1516486486.8807912, 1516486488.7506542, 1516486492.8463647, 1516486495.364899, 1516486497.495345, 1516486500.274152, 1516486502.4932852, 1516486505.2370443, 1516486508.18747, 1516486510.3336012, 1516486512.8331416, 1516486514.7349014], "initial_reset_timestamp": 1516486410.3440933, "episode_rewards": [27.0, 18.0, 43.0, 39.0, 42.0, 64.0, 64.0, 71.0, 76.0, 200.0, 200.0, 85.0, 186.0, 192.0, 200.0, 200.0, 200.0, 200.0, 200.0, 200.0, 200.0, 200.0, 200.0, 200.0, 200.0, 200.0, 200.0, 200.0, 200.0, 200.0, 200.0, 200.0, 200.0, 200.0, 200.0, 200.0, 200.0, 200.0, 200.0, 200.0, 200.0, 200.0, 200.0, 200.0, 200.0, 200.0, 200.0, 200.0, 200.0, 200.0, 200.0, 200.0, 38.0, 11.0, 12.0, 200.0, 200.0, 200.0, 200.0, 200.0, 200.0, 200.0, 200.0, 200.0, 200.0, 200.0, 200.0, 200.0, 200.0, 200.0, 200.0, 200.0]}