{"episode_lengths": [26, 47, 19, 23, 22, 59, 53, 85, 200, 194, 80, 160, 106, 200, 200, 200, 200, 200, 200, 200, 200, 200, 200, 200, 200, 200, 200, 200, 200, 200, 200, 200, 200, 200, 200, 200, 200, 200, 200, 200, 200, 200, 200, 200, 200, 200, 200, 200, 200, 200, 200, 200, 129, 200, 200, 200, 200, 200, 200, 200, 200, 200, 200, 200, 200, 200, 200, 200, 200, 200], "episode_types": ["t", "t", "t", "t", "t", "t", "t", "t", "t", "t", "t", "t", "t", "t", "t", "t", "t", "t", "t", "t", "t", "t", "t", "t", "t", "t", "t", "t", "t", "t", "t", "t", "t", "t", "t", "t", "t", "t", "t", "t", "t", "t", "t", "t", "t", "t", "t", "t", "t", "t", "t", "t", "t", "t", "t", "t", "t", "t", "t", "t", "t", "t", "t", "t", "t", "t", "t", "t", "t", "t", "t"], "timestamps": [1516486410.4601855, 1516486410.6611247, 1516486410.745159, 1516486410.8786082, 1516486411.309439, 1516486411.5404758, 1516486411.7467153, 1516486412.389337, 1516486413.7252972, 1516486415.054653, 1516486415.710318, 1516486416.5799506, 1516486417.3321438, 1516486418.7146509, 1516486419.9310305, 1516486421.472217, 1516486422.6283705, 1516486424.0507002, 1516486425.5867085, 1516486426.9603798, 1516486429.060028, 1516486430.4141014, 1516486432.3441641, 1516486433.8143797, 1516486435.1421688, 1516486436.8546405, 1516486438.5133572, 1516486440.0260038, 1516486441.5428834, 1516486442.7608604, 1516486444.0800214, 1516486445.2267072, 1516486446.9008832, 1516486448.331078, 1516486449.6111083, 1516486451.0577302, 1516486452.336282, 1516486453.7063563, 1516486455.3226466, 1516486456.5091777, 1516486457.7980413, 1516486458.9624836, 1516486460.29657, 1516486461.764111, 1516486463.1106703, 1516486464.5622876, 1516486465.5645819, 1516486466.8952317, 1516486468.2586582, 1516486469.249778, 1516486470.93022, 1516486472.7507517, 1516486474.295054, 1516486475.6304576, 1516486478.132506, 1516486479.9845529, 1516486482.5020092, 1516486485.160985, 1516486487.130095, 1516486489.8362122, 1516486493.161731, 1516486495.693768, 1516486498.3019664, 1516486500.5956013, 1516486503.3998034, 1516486505.475022, 1516486508.5162852, 1516486511.0337965, 1516486513.1516874, 1516486515.4544668], "initial_reset_timestamp": 1516486410.3439603, "episode_rewards": [26.0, 47.0, 19.0, 23.0, 22.0, 59.0, 53.0, 85.0, 200.0, 194.0, 80.0, 160.0, 106.0, 200.0, 200.0, 200.0, 200.0, 200.0, 200.0, 200.0, 200.0, 200.0, 200.0, 200.0, 200.0, 200.0, 200.0, 200.0, 200.0, 200.0, 200.0, 200.0, 200.0, 200.0, 200.0, 200.0, 200.0, 200.0, 200.0, 200.0, 200.0, 200.0, 200.0, 200.0, 200.0, 200.0, 200.0, 200.0, 200.0, 200.0, 200.0, 200.0, 129.0, 200.0, 200.0, 200.0, 200.0, 200.0, 200.0, 200.0, 200.0, 200.0, 200.0, 200.0, 200.0, 200.0, 200.0, 200.0, 200.0, 200.0]}