{"episode_lengths": [29, 17, 46, 13, 16, 10, 31, 28, 52, 42, 121, 150, 200, 154, 143, 200, 200, 200, 200, 195, 200, 200, 200, 200, 200, 200, 200, 200, 200, 200, 200, 200, 200, 200, 200, 200, 200, 200, 200, 200, 200, 200, 200, 200, 200, 200, 200, 200, 200, 200, 200, 200, 200, 200, 49, 55, 11, 13, 10, 200, 200, 200, 200, 200, 200, 200, 200, 200, 200, 200, 200, 200, 200, 200, 200, 200], "episode_types": ["t", "t", "t", "t", "t", "t", "t", "t", "t", "t", "t", "t", "t", "t", "t", "t", "t", "t", "t", "t", "t", "t", "t", "t", "t", "t", "t", "t", "t", "t", "t", "t", "t", "t", "t", "t", "t", "t", "t", "t", "t", "t", "t", "t", "t", "t", "t", "t", "t", "t", "t", "t", "t", "t", "t", "t", "t", "t", "t", "t", "t", "t", "t", "t", "t", "t", "t", "t", "t", "t", "t", "t", "t", "t", "t", "t", "t"], "timestamps": [1516486410.472897, 1516486410.5475893, 1516486410.7457936, 1516486410.8303614, 1516486410.903682, 1516486411.28673, 1516486411.4086502, 1516486411.515663, 1516486411.7144926, 1516486412.1858945, 1516486412.9816635, 1516486413.798027, 1516486415.5139544, 1516486416.3629105, 1516486417.2217941, 1516486418.6160316, 1516486419.831322, 1516486421.3763418, 1516486422.5372324, 1516486423.9446838, 1516486425.1633098, 1516486426.8047707, 1516486428.846793, 1516486430.2781734, 1516486432.2311516, 1516486433.433152, 1516486434.9267013, 1516486436.713441, 1516486438.3527505, 1516486439.9227169, 1516486441.1249068, 1516486442.6600869, 1516486443.9621959, 1516486445.1203816, 1516486446.7501428, 1516486447.9512622, 1516486449.504493, 1516486450.964369, 1516486452.18049, 1516486453.6245143, 1516486454.8227613, 1516486456.3925526, 1516486457.6958623, 1516486458.8619497, 1516486460.1940475, 1516486461.3947098, 1516486462.9645507, 1516486464.449017, 1516486465.4636197, 1516486466.7954025, 1516486467.8657224, 1516486469.162365, 1516486470.7658477, 1516486472.5671449, 1516486473.230748, 1516486473.6103356, 1516486473.6900654, 1516486473.808378, 1516486473.8844316, 1516486475.5279646, 1516486477.974727, 1516486479.8349042, 1516486482.347312, 1516486484.442529, 1516486487.010553, 1516486489.6669724, 1516486493.0241296, 1516486495.5307734, 1516486497.6556919, 1516486500.4082055, 1516486503.235095, 1516486505.3682878, 1516486508.3499324, 1516486510.4643166, 1516486512.9694338, 1516486515.3201466], "initial_reset_timestamp": 1516486410.3460276, "episode_rewards": [29.0, 17.0, 46.0, 13.0, 16.0, 10.0, 31.0, 28.0, 52.0, 42.0, 121.0, 150.0, 200.0, 154.0, 143.0, 200.0, 200.0, 200.0, 200.0, 195.0, 200.0, 200.0, 200.0, 200.0, 200.0, 200.0, 200.0, 200.0, 200.0, 200.0, 200.0, 200.0, 200.0, 200.0, 200.0, 200.0, 200.0, 200.0, 200.0, 200.0, 200.0, 200.0, 200.0, 200.0, 200.0, 200.0, 200.0, 200.0, 200.0, 200.0, 200.0, 200.0, 200.0, 200.0, 49.0, 55.0, 11.0, 13.0, 10.0, 200.0, 200.0, 200.0, 200.0, 200.0, 200.0, 200.0, 200.0, 200.0, 200.0, 200.0, 200.0, 200.0, 200.0, 200.0, 200.0, 200.0]}