{"episode_lengths": [24, 14, 37, 22, 18, 17, 27, 38, 18, 32, 84, 117, 200, 159, 120, 199, 200, 200, 156, 163, 146, 200, 200, 200, 200, 200, 200, 200, 200, 200, 200, 200, 200, 200, 200, 200, 200, 200, 200, 200, 200, 200, 200, 200, 200, 200, 200, 200, 200, 200, 200, 200, 200, 200, 200, 139, 10, 83, 60, 200, 200, 200, 200, 200, 200, 200, 200, 200, 200, 200, 200, 200, 200, 200, 200, 200], "episode_types": ["t", "t", "t", "t", "t", "t", "t", "t", "t", "t", "t", "t", "t", "t", "t", "t", "t", "t", "t", "t", "t", "t", "t", "t", "t", "t", "t", "t", "t", "t", "t", "t", "t", "t", "t", "t", "t", "t", "t", "t", "t", "t", "t", "t", "t", "t", "t", "t", "t", "t", "t", "t", "t", "t", "t", "t", "t", "t", "t", "t", "t", "t", "t", "t", "t", "t", "t", "t", "t", "t", "t", "t", "t", "t", "t", "t", "t"], "timestamps": [1516486410.4490688, 1516486410.511437, 1516486410.6668, 1516486410.7654603, 1516486410.8762434, 1516486411.289889, 1516486411.3927147, 1516486411.5442789, 1516486411.613021, 1516486411.7319298, 1516486412.3785412, 1516486413.158237, 1516486414.6098466, 1516486415.6994672, 1516486416.420251, 1516486417.8972516, 1516486418.9617634, 1516486420.4647765, 1516486421.5113132, 1516486422.5122945, 1516486423.4222977, 1516486424.8949933, 1516486426.4907339, 1516486427.9609342, 1516486430.0453444, 1516486431.610869, 1516486433.2124388, 1516486434.6369715, 1516486436.1882668, 1516486438.0057163, 1516486439.4140308, 1516486440.840613, 1516486442.3876042, 1516486443.4843626, 1516486444.8800626, 1516486446.0481672, 1516486447.7337773, 1516486449.2612624, 1516486450.358738, 1516486451.9785132, 1516486453.12722, 1516486454.4952781, 1516486456.163593, 1516486457.2481441, 1516486458.6601076, 1516486459.7437189, 1516486461.1300988, 1516486462.5642931, 1516486463.8964362, 1516486465.2664664, 1516486466.2983665, 1516486467.6654747, 1516486468.9478855, 1516486470.1152768, 1516486472.1796906, 1516486473.463702, 1516486473.5187404, 1516486474.4009013, 1516486474.7443833, 1516486476.6967156, 1516486478.661344, 1516486481.0353935, 1516486483.5187194, 1516486485.787438, 1516486488.118681, 1516486491.080975, 1516486494.0996206, 1516486496.8060122, 1516486498.979199, 1516486501.8032322, 1516486504.193559, 1516486506.8685184, 1516486509.6968052, 1516486511.6522725, 1516486514.219893, 1516486516.1278353], "initial_reset_timestamp": 1516486410.3459744, "episode_rewards": [24.0, 14.0, 37.0, 22.0, 18.0, 17.0, 27.0, 38.0, 18.0, 32.0, 84.0, 117.0, 200.0, 159.0, 120.0, 199.0, 200.0, 200.0, 156.0, 163.0, 146.0, 200.0, 200.0, 200.0, 200.0, 200.0, 200.0, 200.0, 200.0, 200.0, 200.0, 200.0, 200.0, 200.0, 200.0, 200.0, 200.0, 200.0, 200.0, 200.0, 200.0, 200.0, 200.0, 200.0, 200.0, 200.0, 200.0, 200.0, 200.0, 200.0, 200.0, 200.0, 200.0, 200.0, 200.0, 139.0, 10.0, 83.0, 60.0, 200.0, 200.0, 200.0, 200.0, 200.0, 200.0, 200.0, 200.0, 200.0, 200.0, 200.0, 200.0, 200.0, 200.0, 200.0, 200.0, 200.0]}