{"episode_lengths": [27, 44, 15, 29, 10, 33, 38, 35, 96, 37, 176, 164, 168, 200, 200, 200, 200, 200, 171, 200, 200, 200, 200, 200, 200, 200, 200, 200, 200, 200, 200, 200, 200, 200, 200, 200, 200, 200, 200, 200, 200, 200, 200, 200, 200, 200, 200, 200, 200, 200, 200, 200, 200, 99, 12, 50, 200, 200, 200, 200, 200, 200, 200, 200, 200, 200, 200, 200, 200, 200, 200, 200, 200], "episode_types": ["t", "t", "t", "t", "t", "t", "t", "t", "t", "t", "t", "t", "t", "t", "t", "t", "t", "t", "t", "t", "t", "t", "t", "t", "t", "t", "t", "t", "t", "t", "t", "t", "t", "t", "t", "t", "t", "t", "t", "t", "t", "t", "t", "t", "t", "t", "t", "t", "t", "t", "t", "t", "t", "t", "t", "t", "t", "t", "t", "t", "t", "t", "t", "t", "t", "t", "t", "t", "t", "t", "t", "t", "t", "t"], "timestamps": [1516486410.4625752, 1516486410.656073, 1516486410.7144065, 1516486410.87924, 1516486410.922675, 1516486411.38387, 1516486411.5414987, 1516486411.6753504, 1516486412.3629541, 1516486412.5104213, 1516486413.7456293, 1516486414.9345345, 1516486415.961818, 1516486417.3248992, 1516486418.7008727, 1516486419.9271152, 1516486421.4518492, 1516486422.6086528, 1516486423.9249146, 1516486425.1446276, 1516486426.787817, 1516486428.8173645, 1516486430.2495456, 1516486432.2227793, 1516486433.4151623, 1516486434.8958287, 1516486436.697875, 1516486438.3272736, 1516486439.8960564, 1516486441.1085842, 1516486442.6429715, 1516486443.9456751, 1516486445.0994618, 1516486446.7307465, 1516486447.9410486, 1516486449.4801874, 1516486450.948031, 1516486452.163933, 1516486453.6087127, 1516486454.7969677, 1516486456.3666668, 1516486457.6797128, 1516486458.8462873, 1516486460.176487, 1516486461.3811593, 1516486462.9281492, 1516486464.424355, 1516486465.4475985, 1516486466.7808633, 1516486467.8511922, 1516486469.1451254, 1516486470.7503674, 1516486472.5318966, 1516486473.5528362, 1516486473.6369689, 1516486474.2984183, 1516486475.6359088, 1516486478.1452434, 1516486479.9898157, 1516486482.5180824, 1516486485.1701818, 1516486487.1353755, 1516486489.8426843, 1516486493.1733892, 1516486495.7019942, 1516486498.306732, 1516486500.6093042, 1516486503.403992, 1516486505.4831493, 1516486508.5213587, 1516486511.0447273, 1516486513.1566427, 1516486515.4591098], "initial_reset_timestamp": 1516486410.345183, "episode_rewards": [27.0, 44.0, 15.0, 29.0, 10.0, 33.0, 38.0, 35.0, 96.0, 37.0, 176.0, 164.0, 168.0, 200.0, 200.0, 200.0, 200.0, 200.0, 171.0, 200.0, 200.0, 200.0, 200.0, 200.0, 200.0, 200.0, 200.0, 200.0, 200.0, 200.0, 200.0, 200.0, 200.0, 200.0, 200.0, 200.0, 200.0, 200.0, 200.0, 200.0, 200.0, 200.0, 200.0, 200.0, 200.0, 200.0, 200.0, 200.0, 200.0, 200.0, 200.0, 200.0, 200.0, 99.0, 12.0, 50.0, 200.0, 200.0, 200.0, 200.0, 200.0, 200.0, 200.0, 200.0, 200.0, 200.0, 200.0, 200.0, 200.0, 200.0, 200.0, 200.0, 200.0]}