{"episode_lengths": [15, 29, 15, 19, 15, 22, 25, 58, 44, 46, 200, 200, 81, 200, 160, 200, 200, 200, 200, 188, 200, 200, 200, 200, 200, 200, 200, 200, 200, 200, 200, 200, 200, 200, 200, 200, 200, 200, 200, 200, 200, 200, 200, 200, 200, 200, 200, 200, 200, 200, 200, 200, 200, 200, 9, 74, 200, 200, 200, 200, 200, 200, 200, 200, 200, 200, 200, 200, 200, 200, 200, 200, 200], "episode_types": ["t", "t", "t", "t", "t", "t", "t", "t", "t", "t", "t", "t", "t", "t", "t", "t", "t", "t", "t", "t", "t", "t", "t", "t", "t", "t", "t", "t", "t", "t", "t", "t", "t", "t", "t", "t", "t", "t", "t", "t", "t", "t", "t", "t", "t", "t", "t", "t", "t", "t", "t", "t", "t", "t", "t", "t", "t", "t", "t", "t", "t", "t", "t", "t", "t", "t", "t", "t", "t", "t", "t", "t", "t", "t"], "timestamps": [1516486410.4094439, 1516486410.5409944, 1516486410.6083164, 1516486410.6811461, 1516486410.7481723, 1516486410.8774629, 1516486411.316982, 1516486411.5503714, 1516486411.7130687, 1516486412.2018464, 1516486413.2951617, 1516486414.8642874, 1516486415.561737, 1516486416.5869129, 1516486417.9137726, 1516486418.9767106, 1516486420.482317, 1516486421.7124145, 1516486423.1563718, 1516486424.2587712, 1516486425.7979648, 1516486427.5118856, 1516486429.3516378, 1516486431.088796, 1516486432.542242, 1516486433.9920995, 1516486435.8262312, 1516486437.1747913, 1516486439.0177877, 1516486440.2129042, 1516486441.7507834, 1516486443.2139597, 1516486444.247261, 1516486445.744906, 1516486447.1137693, 1516486448.5653408, 1516486450.078066, 1516486451.2297602, 1516486452.830151, 1516486453.8768294, 1516486455.594962, 1516486456.9558954, 1516486458.0468185, 1516486459.4498422, 1516486460.456582, 1516486461.9443648, 1516486463.6103053, 1516486464.7236555, 1516486465.9940836, 1516486467.064645, 1516486468.412954, 1516486469.8168445, 1516486471.3462768, 1516486473.3723514, 1516486473.4222336, 1516486473.9946606, 1516486475.6136222, 1516486478.100317, 1516486479.9625, 1516486482.484096, 1516486484.5304084, 1516486487.1198864, 1516486489.808478, 1516486493.1376052, 1516486495.6739504, 1516486497.7863064, 1516486500.5642896, 1516486503.360776, 1516486505.46208, 1516486508.4952059, 1516486510.5999565, 1516486513.11993, 1516486515.4283707], "initial_reset_timestamp": 1516486410.346634, "episode_rewards": [15.0, 29.0, 15.0, 19.0, 15.0, 22.0, 25.0, 58.0, 44.0, 46.0, 200.0, 200.0, 81.0, 200.0, 160.0, 200.0, 200.0, 200.0, 200.0, 188.0, 200.0, 200.0, 200.0, 200.0, 200.0, 200.0, 200.0, 200.0, 200.0, 200.0, 200.0, 200.0, 200.0, 200.0, 200.0, 200.0, 200.0, 200.0, 200.0, 200.0, 200.0, 200.0, 200.0, 200.0, 200.0, 200.0, 200.0, 200.0, 200.0, 200.0, 200.0, 200.0, 200.0, 200.0, 9.0, 74.0, 200.0, 200.0, 200.0, 200.0, 200.0, 200.0, 200.0, 200.0, 200.0, 200.0, 200.0, 200.0, 200.0, 200.0, 200.0, 200.0, 200.0]}