{"episode_lengths": [15, 21, 18, 25, 25, 12, 11, 41, 29, 87, 29, 111, 141, 195, 138, 144, 200, 200, 200, 168, 175, 200, 200, 200, 200, 200, 200, 200, 200, 200, 200, 200, 200, 200, 200, 200, 200, 200, 200, 200, 200, 200, 200, 200, 200, 200, 200, 200, 200, 200, 200, 200, 200, 200, 200, 158, 54, 200, 200, 200, 200, 200, 200, 200, 200, 200, 200, 200, 200, 200, 200, 200, 200, 200], "episode_types": ["t", "t", "t", "t", "t", "t", "t", "t", "t", "t", "t", "t", "t", "t", "t", "t", "t", "t", "t", "t", "t", "t", "t", "t", "t", "t", "t", "t", "t", "t", "t", "t", "t", "t", "t", "t", "t", "t", "t", "t", "t", "t", "t", "t", "t", "t", "t", "t", "t", "t", "t", "t", "t", "t", "t", "t", "t", "t", "t", "t", "t", "t", "t", "t", "t", "t", "t", "t", "t", "t", "t", "t", "t", "t", "t"], "timestamps": [1516486410.4094915, 1516486410.5066726, 1516486410.5811858, 1516486410.684433, 1516486410.8226752, 1516486410.8833601, 1516486411.2685843, 1516486411.429095, 1516486411.544314, 1516486412.1847494, 1516486412.2967288, 1516486413.0638213, 1516486413.8451953, 1516486415.530755, 1516486416.3193607, 1516486417.1446648, 1516486418.3311431, 1516486419.7751644, 1516486421.3193324, 1516486422.355848, 1516486423.3926284, 1516486424.8707354, 1516486426.4361606, 1516486427.915799, 1516486430.0111477, 1516486431.579213, 1516486433.1953974, 1516486434.6052318, 1516486436.1532514, 1516486437.9648657, 1516486439.3890204, 1516486440.7868464, 1516486442.3449442, 1516486443.4653478, 1516486444.8586805, 1516486446.0199952, 1516486447.715493, 1516486449.2406952, 1516486450.3260717, 1516486451.9599202, 1516486453.095803, 1516486454.4445286, 1516486456.1409502, 1516486457.225849, 1516486458.6365893, 1516486459.7169354, 1516486461.0962868, 1516486462.5092506, 1516486463.8761365, 1516486465.245012, 1516486466.2770047, 1516486467.6475413, 1516486468.9281478, 1516486470.0972, 1516486472.1281948, 1516486473.5626323, 1516486473.9797826, 1516486475.6000185, 1516486478.0570705, 1516486479.9452722, 1516486482.4554293, 1516486484.5012412, 1516486487.0943508, 1516486489.7489414, 1516486493.123923, 1516486495.6335034, 1516486497.7553678, 1516486500.5311573, 1516486503.3396795, 1516486505.4439416, 1516486508.463667, 1516486510.5663352, 1516486513.0802531, 1516486515.4069881], "initial_reset_timestamp": 1516486410.3440924, "episode_rewards": [15.0, 21.0, 18.0, 25.0, 25.0, 12.0, 11.0, 41.0, 29.0, 87.0, 29.0, 111.0, 141.0, 195.0, 138.0, 144.0, 200.0, 200.0, 200.0, 168.0, 175.0, 200.0, 200.0, 200.0, 200.0, 200.0, 200.0, 200.0, 200.0, 200.0, 200.0, 200.0, 200.0, 200.0, 200.0, 200.0, 200.0, 200.0, 200.0, 200.0, 200.0, 200.0, 200.0, 200.0, 200.0, 200.0, 200.0, 200.0, 200.0, 200.0, 200.0, 200.0, 200.0, 200.0, 200.0, 158.0, 54.0, 200.0, 200.0, 200.0, 200.0, 200.0, 200.0, 200.0, 200.0, 200.0, 200.0, 200.0, 200.0, 200.0, 200.0, 200.0, 200.0, 200.0]}