{"episode_lengths": [81, 42, 19, 18, 28, 63, 34, 140, 198, 192, 137, 84, 195, 200, 200, 156, 189, 200, 200, 200, 200, 200, 200, 200, 200, 200, 200, 200, 200, 200, 200, 200, 200, 200, 200, 200, 200, 200, 200, 200, 200, 200, 200, 200, 200, 200, 200, 200, 200, 200, 200, 200, 200, 200, 200, 200, 200, 200, 200, 200, 200, 200, 200, 200, 200, 200, 200, 200, 200], "episode_types": ["t", "t", "t", "t", "t", "t", "t", "t", "t", "t", "t", "t", "t", "t", "t", "t", "t", "t", "t", "t", "t", "t", "t", "t", "t", "t", "t", "t", "t", "t", "t", "t", "t", "t", "t", "t", "t", "t", "t", "t", "t", "t", "t", "t", "t", "t", "t", "t", "t", "t", "t", "t", "t", "t", "t", "t", "t", "t", "t", "t", "t", "t", "t", "t", "t", "t", "t", "t", "t", "t"], "timestamps": [1516486410.6971986, 1516486410.9125175, 1516486411.3267696, 1516486411.3967085, 1516486411.510616, 1516486412.0564537, 1516486412.1899772, 1516486413.0682373, 1516486414.1280987, 1516486415.7329938, 1516486416.5261474, 1516486417.1122944, 1516486418.2943914, 1516486419.728831, 1516486421.2443998, 1516486422.274631, 1516486423.3428712, 1516486424.826097, 1516486426.3926904, 1516486427.879675, 1516486429.9652007, 1516486431.4932437, 1516486433.1624107, 1516486434.5581076, 1516486436.1051931, 1516486437.9017613, 1516486439.3364632, 1516486440.7451293, 1516486442.2787313, 1516486443.4310305, 1516486444.8178184, 1516486445.9760723, 1516486447.680927, 1516486449.1896856, 1516486450.2971416, 1516486451.913013, 1516486453.0574512, 1516486454.3993204, 1516486456.0972397, 1516486457.1825414, 1516486458.6091313, 1516486459.6822164, 1516486461.0545783, 1516486462.4589753, 1516486463.8411593, 1516486465.2130756, 1516486466.2342625, 1516486467.6145346, 1516486468.8929248, 1516486470.0639634, 1516486472.0978708, 1516486473.812403, 1516486475.4946666, 1516486477.9102223, 1516486479.7396939, 1516486482.2609363, 1516486484.3707302, 1516486486.9529638, 1516486489.594694, 1516486492.916847, 1516486495.4532921, 1516486497.5808437, 1516486500.3394623, 1516486503.1764128, 1516486505.2968538, 1516486508.263331, 1516486510.3887062, 1516486512.901011, 1516486515.241228], "initial_reset_timestamp": 1516486410.3452082, "episode_rewards": [81.0, 42.0, 19.0, 18.0, 28.0, 63.0, 34.0, 140.0, 198.0, 192.0, 137.0, 84.0, 195.0, 200.0, 200.0, 156.0, 189.0, 200.0, 200.0, 200.0, 200.0, 200.0, 200.0, 200.0, 200.0, 200.0, 200.0, 200.0, 200.0, 200.0, 200.0, 200.0, 200.0, 200.0, 200.0, 200.0, 200.0, 200.0, 200.0, 200.0, 200.0, 200.0, 200.0, 200.0, 200.0, 200.0, 200.0, 200.0, 200.0, 200.0, 200.0, 200.0, 200.0, 200.0, 200.0, 200.0, 200.0, 200.0, 200.0, 200.0, 200.0, 200.0, 200.0, 200.0, 200.0, 200.0, 200.0, 200.0, 200.0]}