{"episode_lengths": [31, 16, 29, 14, 31, 16, 39, 74, 75, 33, 175, 170, 200, 200, 171, 200, 200, 200, 179, 200, 200, 200, 200, 200, 200, 200, 200, 200, 200, 200, 200, 200, 200, 200, 200, 200, 200, 200, 200, 200, 200, 200, 200, 200, 200, 200, 200, 200, 200, 200, 200, 200, 200, 101, 9, 200, 200, 200, 200, 200, 200, 200, 200, 200, 200, 200, 200, 200, 200, 200, 200, 200], "episode_types": ["t", "t", "t", "t", "t", "t", "t", "t", "t", "t", "t", "t", "t", "t", "t", "t", "t", "t", "t", "t", "t", "t", "t", "t", "t", "t", "t", "t", "t", "t", "t", "t", "t", "t", "t", "t", "t", "t", "t", "t", "t", "t", "t", "t", "t", "t", "t", "t", "t", "t", "t", "t", "t", "t", "t", "t", "t", "t", "t", "t", "t", "t", "t", "t", "t", "t", "t", "t", "t", "t", "t", "t", "t"], "timestamps": [1516486410.4787352, 1516486410.5506465, 1516486410.6748316, 1516486410.7351618, 1516486410.9045377, 1516486411.309709, 1516486411.4622, 1516486411.7534149, 1516486412.3484993, 1516486412.484451, 1516486413.7145498, 1516486414.931309, 1516486416.3431776, 1516486417.4808824, 1516486418.712506, 1516486419.9321692, 1516486421.4736319, 1516486422.6286469, 1516486423.9787254, 1516486425.4482124, 1516486426.8409977, 1516486428.8965359, 1516486430.3137457, 1516486432.2499733, 1516486433.7313218, 1516486434.9788337, 1516486436.7445447, 1516486438.3769639, 1516486439.9432073, 1516486441.443602, 1516486442.6815846, 1516486443.9892676, 1516486445.146055, 1516486446.7822194, 1516486448.24617, 1516486449.5250416, 1516486450.9855917, 1516486452.2173576, 1516486453.6405191, 1516486455.21703, 1516486456.4135492, 1516486457.722818, 1516486458.8796258, 1516486460.2156205, 1516486461.6808317, 1516486462.9780388, 1516486464.475891, 1516486465.4846282, 1516486466.814731, 1516486468.1798956, 1516486469.1887517, 1516486470.801304, 1516486472.610147, 1516486473.6373434, 1516486473.7028112, 1516486475.4424489, 1516486477.3228328, 1516486479.6385822, 1516486482.1095452, 1516486484.273109, 1516486486.8153934, 1516486488.7250245, 1516486492.8096745, 1516486495.32452, 1516486497.454865, 1516486500.2482646, 1516486502.4625514, 1516486505.2089589, 1516486508.135321, 1516486510.289883, 1516486512.785535, 1516486514.7068849], "initial_reset_timestamp": 1516486410.3469503, "episode_rewards": [31.0, 16.0, 29.0, 14.0, 31.0, 16.0, 39.0, 74.0, 75.0, 33.0, 175.0, 170.0, 200.0, 200.0, 171.0, 200.0, 200.0, 200.0, 179.0, 200.0, 200.0, 200.0, 200.0, 200.0, 200.0, 200.0, 200.0, 200.0, 200.0, 200.0, 200.0, 200.0, 200.0, 200.0, 200.0, 200.0, 200.0, 200.0, 200.0, 200.0, 200.0, 200.0, 200.0, 200.0, 200.0, 200.0, 200.0, 200.0, 200.0, 200.0, 200.0, 200.0, 200.0, 101.0, 9.0, 200.0, 200.0, 200.0, 200.0, 200.0, 200.0, 200.0, 200.0, 200.0, 200.0, 200.0, 200.0, 200.0, 200.0, 200.0, 200.0, 200.0]}