{"episode_lengths": [34, 26, 17, 28, 18, 32, 21, 32, 25, 55, 200, 126, 181, 160, 200, 200, 200, 200, 151, 200, 200, 200, 200, 200, 200, 200, 200, 200, 200, 200, 200, 200, 200, 200, 200, 200, 200, 200, 200, 200, 200, 200, 200, 200, 200, 200, 200, 200, 200, 200, 200, 200, 200, 200, 11, 11, 42, 10, 10, 200, 200, 200, 200, 200, 200, 200, 200, 200, 200, 200, 200, 200, 200, 200, 200, 200], "episode_types": ["t", "t", "t", "t", "t", "t", "t", "t", "t", "t", "t", "t", "t", "t", "t", "t", "t", "t", "t", "t", "t", "t", "t", "t", "t", "t", "t", "t", "t", "t", "t", "t", "t", "t", "t", "t", "t", "t", "t", "t", "t", "t", "t", "t", "t", "t", "t", "t", "t", "t", "t", "t", "t", "t", "t", "t", "t", "t", "t", "t", "t", "t", "t", "t", "t", "t", "t", "t", "t", "t", "t", "t", "t", "t", "t", "t", "t"], "timestamps": [1516486410.4932847, 1516486410.611956, 1516486410.6780798, 1516486410.8315914, 1516486410.9132955, 1516486411.3762488, 1516486411.4634652, 1516486411.5844705, 1516486411.6826816, 1516486412.2007823, 1516486413.2952998, 1516486414.0689917, 1516486415.6595461, 1516486416.533358, 1516486418.0335765, 1516486419.110076, 1516486420.63427, 1516486422.1268396, 1516486423.0444276, 1516486424.2122805, 1516486425.7270553, 1516486427.447985, 1516486429.286375, 1516486431.0074084, 1516486432.4982624, 1516486433.9377904, 1516486435.7582653, 1516486437.088684, 1516486438.9636765, 1516486440.1667562, 1516486441.708757, 1516486443.1640317, 1516486444.2012868, 1516486445.6932623, 1516486447.0732512, 1516486448.5052152, 1516486450.043536, 1516486451.176932, 1516486452.7919774, 1516486453.8352597, 1516486455.5462117, 1516486456.9172075, 1516486457.9981318, 1516486459.3860917, 1516486460.413341, 1516486461.887051, 1516486463.5617912, 1516486464.6783674, 1516486465.9529047, 1516486467.0180035, 1516486468.3780415, 1516486469.7525094, 1516486471.2581804, 1516486473.3048604, 1516486473.3724446, 1516486473.4447749, 1516486473.7881463, 1516486473.828721, 1516486473.9017425, 1516486475.5623019, 1516486478.0107799, 1516486479.8899927, 1516486482.3973396, 1516486484.4655893, 1516486487.0411437, 1516486489.699216, 1516486493.0497737, 1516486495.5778213, 1516486497.7165391, 1516486500.4552004, 1516486503.2650568, 1516486505.3890212, 1516486508.4012494, 1516486510.5137897, 1516486513.014565, 1516486515.3539276], "initial_reset_timestamp": 1516486410.347003, "episode_rewards": [34.0, 26.0, 17.0, 28.0, 18.0, 32.0, 21.0, 32.0, 25.0, 55.0, 200.0, 126.0, 181.0, 160.0, 200.0, 200.0, 200.0, 200.0, 151.0, 200.0, 200.0, 200.0, 200.0, 200.0, 200.0, 200.0, 200.0, 200.0, 200.0, 200.0, 200.0, 200.0, 200.0, 200.0, 200.0, 200.0, 200.0, 200.0, 200.0, 200.0, 200.0, 200.0, 200.0, 200.0, 200.0, 200.0, 200.0, 200.0, 200.0, 200.0, 200.0, 200.0, 200.0, 200.0, 11.0, 11.0, 42.0, 10.0, 10.0, 200.0, 200.0, 200.0, 200.0, 200.0, 200.0, 200.0, 200.0, 200.0, 200.0, 200.0, 200.0, 200.0, 200.0, 200.0, 200.0, 200.0]}