{"episode_lengths": [19, 46, 15, 12, 20, 48, 52, 44, 178, 94, 177, 141, 200, 131, 196, 200, 200, 159, 200, 200, 200, 200, 200, 200, 200, 200, 200, 200, 200, 200, 200, 200, 200, 200, 200, 200, 200, 200, 200, 200, 200, 200, 200, 200, 200, 200, 200, 200, 200, 200, 200, 200, 200, 10, 54, 62, 12, 200, 200, 200, 200, 200, 200, 200, 200, 200, 200, 200, 200, 200, 200, 200, 200, 200], "episode_types": ["t", "t", "t", "t", "t", "t", "t", "t", "t", "t", "t", "t", "t", "t", "t", "t", "t", "t", "t", "t", "t", "t", "t", "t", "t", "t", "t", "t", "t", "t", "t", "t", "t", "t", "t", "t", "t", "t", "t", "t", "t", "t", "t", "t", "t", "t", "t", "t", "t", "t", "t", "t", "t", "t", "t", "t", "t", "t", "t", "t", "t", "t", "t", "t", "t", "t", "t", "t", "t", "t", "t", "t", "t", "t", "t"], "timestamps": [1516486410.4299028, 1516486410.6298144, 1516486410.6939924, 1516486410.7457433, 1516486410.8566043, 1516486411.3967366, 1516486411.599725, 1516486412.081076, 1516486413.0975316, 1516486413.6987796, 1516486414.9378877, 1516486415.8595343, 1516486417.1732807, 1516486418.1088004, 1516486419.1970856, 1516486420.7041228, 1516486422.2227588, 1516486423.1745913, 1516486424.6569989, 1516486425.85465, 1516486427.5819392, 1516486429.429841, 1516486431.1976974, 1516486432.868918, 1516486434.043325, 1516486435.8806088, 1516486437.266651, 1516486439.1167097, 1516486440.5662827, 1516486441.8125854, 1516486443.278376, 1516486444.3009887, 1516486445.8071828, 1516486447.478015, 1516486448.6451943, 1516486450.12904, 1516486451.292318, 1516486452.8823423, 1516486454.1816206, 1516486455.6479547, 1516486457.0118437, 1516486458.130292, 1516486459.5014958, 1516486460.8375905, 1516486462.0119286, 1516486463.664214, 1516486464.7800622, 1516486466.0644586, 1516486467.4247563, 1516486468.461994, 1516486469.8827257, 1516486471.4615068, 1516486473.4747012, 1516486473.5529842, 1516486473.975553, 1516486474.5937605, 1516486474.6573951, 1516486476.5659792, 1516486478.5768807, 1516486480.9466944, 1516486483.0132744, 1516486485.7066567, 1516486488.0283847, 1516486490.4237123, 1516486493.9865596, 1516486496.1545143, 1516486498.8947349, 1516486501.7012255, 1516486504.104557, 1516486506.7095528, 1516486509.0370371, 1516486511.561827, 1516486514.1279476, 1516486515.9613965], "initial_reset_timestamp": 1516486410.345431, "episode_rewards": [19.0, 46.0, 15.0, 12.0, 20.0, 48.0, 52.0, 44.0, 178.0, 94.0, 177.0, 141.0, 200.0, 131.0, 196.0, 200.0, 200.0, 159.0, 200.0, 200.0, 200.0, 200.0, 200.0, 200.0, 200.0, 200.0, 200.0, 200.0, 200.0, 200.0, 200.0, 200.0, 200.0, 200.0, 200.0, 200.0, 200.0, 200.0, 200.0, 200.0, 200.0, 200.0, 200.0, 200.0, 200.0, 200.0, 200.0, 200.0, 200.0, 200.0, 200.0, 200.0, 200.0, 10.0, 54.0, 62.0, 12.0, 200.0, 200.0, 200.0, 200.0, 200.0, 200.0, 200.0, 200.0, 200.0, 200.0, 200.0, 200.0, 200.0, 200.0, 200.0, 200.0, 200.0]}