{"Epoch": 841, "TotalNEpisodes": 0, "TotalNSamples": 0.0, "Entropy": 1.4534145593643188, "Perplexity": 4.277696132659912, "AveragePolicyProb[0]": 0.1464351862668991, "AveragePolicyProb[1]": 0.15669916570186615, "AveragePolicyProb[2]": 0.29741474986076355, "AveragePolicyProb[3]": 0.10278157144784927, "AveragePolicyProb[4]": 0.29514920711517334, "AveragePolicyProb[5]": 0.0015186563832685351, "|VfPred|": 2.865020990371704, "|VfTarget|": 2.844088077545166, "VfLoss": 0.04182800278067589}
{"Epoch": 842, "AverageReturn": -20.875, "MinReturn": -21.0, "MaxReturn": -20.0, "StdReturn": 0.33071891388307384, "AverageEpisodeLength": 3110.375, "MinEpisodeLength": 3056.0, "MaxEpisodeLength": 3615.0, "StdEpisodeLength": 150.39442933499896, "TotalNEpisodes": 16, "TotalNSamples": 49766.0, "Entropy": 1.427173376083374, "Perplexity": 4.166904449462891, "AveragePolicyProb[0]": 0.1910843700170517, "AveragePolicyProb[1]": 0.12945692241191864, "AveragePolicyProb[2]": 0.24739105999469757, "AveragePolicyProb[3]": 0.2680548429489136, "AveragePolicyProb[4]": 0.14825424551963806, "AveragePolicyProb[5]": 0.015758967027068138, "|VfPred|": 2.0283966064453125, "|VfTarget|": 1.9940690994262695, "VfLoss": 0.1416880041360855}
{"Epoch": 843, "AverageReturn": -20.5625, "MinReturn": -21.0, "MaxReturn": -17.0, "StdReturn": 0.8267972847076845, "AverageEpisodeLength": 3347.0625, "MinEpisodeLength": 3056.0, "MaxEpisodeLength": 4512.0, "StdEpisodeLength": 368.6492182193664, "TotalNEpisodes": 32, "TotalNSamples": 107106.0, "Entropy": 1.3986812829971313, "Perplexity": 4.049855709075928, "AveragePolicyProb[0]": 0.26034829020500183, "AveragePolicyProb[1]": 0.15841084718704224, "AveragePolicyProb[2]": 0.2148071676492691, "AveragePolicyProb[3]": 0.20977820456027985, "AveragePolicyProb[4]": 0.13771341741085052, "AveragePolicyProb[5]": 0.01894250698387623, "|VfPred|": 2.1298651695251465, "|VfTarget|": 2.1215155124664307, "VfLoss": 0.0817510336637497}
{"Epoch": 844, "AverageReturn": -20.62162162162162, "MinReturn": -21.0, "MaxReturn": -17.0, "StdReturn": 0.7833176619561858, "AverageEpisodeLength": 3334.4324324324325, "MinEpisodeLength": 3056.0, "MaxEpisodeLength": 4512.0, "StdEpisodeLength": 345.9683269787303, "TotalNEpisodes": 37, "TotalNSamples": 123374.0, "Entropy": 1.3018369674682617, "Perplexity": 3.6760432720184326, "AveragePolicyProb[0]": 0.17970313131809235, "AveragePolicyProb[1]": 0.12447519600391388, "AveragePolicyProb[2]": 0.06375287473201752, "AveragePolicyProb[3]": 0.4368015229701996, "AveragePolicyProb[4]": 0.11803825199604034, "AveragePolicyProb[5]": 0.07723034173250198, "|VfPred|": 2.3627450466156006, "|VfTarget|": 2.3630964756011963, "VfLoss": 0.06765430420637131}
{"Epoch": 845, "AverageReturn": -20.4375, "MinReturn": -21.0, "MaxReturn": -17.0, "StdReturn": 0.8393015449368203, "AverageEpisodeLength": 3465.8333333333335, "MinEpisodeLength": 3056.0, "MaxEpisodeLength": 4512.0, "StdEpisodeLength": 409.66197108781716, "TotalNEpisodes": 48, "TotalNSamples": 166360.0, "Entropy": 1.5747106075286865, "Perplexity": 4.829343795776367, "AveragePolicyProb[0]": 0.26699867844581604, "AveragePolicyProb[1]": 0.16831403970718384, "AveragePolicyProb[2]": 0.1364756077528, "AveragePolicyProb[3]": 0.2012280523777008, "AveragePolicyProb[4]": 0.19048164784908295, "AveragePolicyProb[5]": 0.03650212287902832, "|VfPred|": 2.3426685333251953, "|VfTarget|": 2.3486931324005127, "VfLoss": 0.06985775381326675}
{"Epoch": 846, "AverageReturn": -20.484375, "MinReturn": -21.0, "MaxReturn": -17.0, "StdReturn": 0.7904149918713587, "AverageEpisodeLength": 3479.046875, "MinEpisodeLength": 3056.0, "MaxEpisodeLength": 4512.0, "StdEpisodeLength": 377.49604425441913, "TotalNEpisodes": 64, "TotalNSamples": 222659.0, "Entropy": 1.5956965684890747, "Perplexity": 4.931763172149658, "AveragePolicyProb[0]": 0.21536020934581757, "AveragePolicyProb[1]": 0.15687735378742218, "AveragePolicyProb[2]": 0.08974629640579224, "AveragePolicyProb[3]": 0.23567306995391846, "AveragePolicyProb[4]": 0.1638425886631012, "AveragePolicyProb[5]": 0.138499915599823, "|VfPred|": 1.6959772109985352, "|VfTarget|": 1.6902694702148438, "VfLoss": 0.09919705241918564}
{"Epoch": 847, "AverageReturn": -20.47761194029851, "MinReturn": -21.0, "MaxReturn": -17.0, "StdReturn": 0.7984725895579259, "AverageEpisodeLength": 3509.2388059701493, "MinEpisodeLength": 3056.0, "MaxEpisodeLength": 4536.0, "StdEpisodeLength": 399.1412830906257, "TotalNEpisodes": 67, "TotalNSamples": 235119.0, "Entropy": 1.5881212949752808, "Perplexity": 4.894545078277588, "AveragePolicyProb[0]": 0.13182750344276428, "AveragePolicyProb[1]": 0.12957437336444855, "AveragePolicyProb[2]": 0.10734431445598602, "AveragePolicyProb[3]": 0.18558816611766815, "AveragePolicyProb[4]": 0.2391672432422638, "AveragePolicyProb[5]": 0.20649883151054382, "|VfPred|": 1.5410341024398804, "|VfTarget|": 1.54438316822052, "VfLoss": 0.1211184412240982}
{"Epoch": 848, "AverageReturn": -20.205128205128204, "MinReturn": -21.0, "MaxReturn": -16.0, "StdReturn": 1.1475612308000125, "AverageEpisodeLength": 3713.551282051282, "MinEpisodeLength": 3056.0, "MaxEpisodeLength": 5697.0, "StdEpisodeLength": 644.6157004109542, "TotalNEpisodes": 78, "TotalNSamples": 289657.0, "Entropy": 1.587843894958496, "Perplexity": 4.893187522888184, "AveragePolicyProb[0]": 0.22639413177967072, "AveragePolicyProb[1]": 0.18726426362991333, "AveragePolicyProb[2]": 0.07359899580478668, "AveragePolicyProb[3]": 0.14713996648788452, "AveragePolicyProb[4]": 0.18763017654418945, "AveragePolicyProb[5]": 0.17797310650348663, "|VfPred|": 1.362420678138733, "|VfTarget|": 1.3664841651916504, "VfLoss": 0.09947342425584793}
