{"initial_reset_timestamp": 1516560317.0773406, "episode_rewards": [-21.0, -20.0, -20.0, -21.0, -17.0], "episode_lengths": [3056, 3691, 3683, 4000, 5068], "episode_types": ["t", "t", "t", "t", "t", "t"], "timestamps": [1516560357.539736, 1516560406.4761524, 1516560455.3282733, 1516560509.767136, 1516560579.1111264]}