{"initial_reset_timestamp": 1516560317.0773406, "episode_rewards": [-21.0, -19.0, -19.0, -20.0, -19.0], "episode_lengths": [3056, 3729, 3967, 3512, 4720], "episode_types": ["t", "t", "t", "t", "t", "t"], "timestamps": [1516560357.5449183, 1516560407.179141, 1516560459.8243794, 1516560507.0720222, 1516560571.6183536]}