{"initial_reset_timestamp": 1516560317.1109548, "episode_rewards": [-21.0, -20.0, -21.0, -21.0, -20.0], "episode_lengths": [3056, 3370, 3658, 3544, 4320], "episode_types": ["t", "t", "t", "t", "t", "t"], "timestamps": [1516560357.4444485, 1516560402.0795808, 1516560450.808055, 1516560498.9638426, 1516560557.9274879]}