{"initial_reset_timestamp": 1516560317.0773404, "episode_rewards": [-21.0, -21.0, -21.0, -21.0, -19.0], "episode_lengths": [3056, 3304, 3168, 3408, 4536], "episode_types": ["t", "t", "t", "t", "t", "t"], "timestamps": [1516560357.539809, 1516560401.1541753, 1516560443.416734, 1516560489.5808349, 1516560551.2189398]}