{"initial_reset_timestamp": 1516560317.1530466, "episode_rewards": [-21.0, -17.0, -19.0, -21.0, -19.0], "episode_lengths": [3056, 4512, 3839, 3605, 5456], "episode_types": ["t", "t", "t", "t", "t", "t"], "timestamps": [1516560357.634924, 1516560417.1978471, 1516560468.7212243, 1516560517.3619123, 1516560592.7033556]}