{"initial_reset_timestamp": 1516560317.1530404, "episode_rewards": [-21.0, -21.0, -20.0, -21.0, -21.0], "episode_lengths": [3056, 3304, 3993, 3368, 3837], "episode_types": ["t", "t", "t", "t", "t", "t"], "timestamps": [1516560357.6412642, 1516560401.6712334, 1516560454.2909636, 1516560500.1395411, 1516560552.3304121]}