{"initial_reset_timestamp": 1516560317.113482, "episode_rewards": [-20.0, -21.0, -20.0, -21.0, -19.0], "episode_lengths": [3615, 3056, 3588, 3540, 5237], "episode_types": ["t", "t", "t", "t", "t", "t"], "timestamps": [1516560365.0942261, 1516560405.2753754, 1516560452.9427834, 1516560501.0579934, 1516560572.7659688]}