{"initial_reset_timestamp": 1516560317.1118917, "episode_rewards": [-21.0, -21.0, -21.0, -20.0, -18.0], "episode_lengths": [3056, 3408, 3784, 3367, 5100], "episode_types": ["t", "t", "t", "t", "t", "t"], "timestamps": [1516560357.4497533, 1516560402.840105, 1516560452.8503692, 1516560498.231399, 1516560568.2010758]}