{"initial_reset_timestamp": 1516560317.0773406, "episode_rewards": [-20.0, -21.0, -20.0, -20.0, -16.0], "episode_lengths": [3367, 3776, 3588, 3485, 5320], "episode_types": ["t", "t", "t", "t", "t", "t"], "timestamps": [1516560361.8399637, 1516560411.6961021, 1516560459.5667446, 1516560506.6832206, 1516560579.58844]}