{"initial_reset_timestamp": 1516560317.150352, "episode_rewards": [-21.0, -20.0, -19.0, -21.0, -20.0], "episode_lengths": [3056, 4043, 4207, 3304, 4955], "episode_types": ["t", "t", "t", "t", "t", "t"], "timestamps": [1516560357.641291, 1516560411.486378, 1516560467.659538, 1516560512.214652, 1516560580.4316795]}