{"initial_reset_timestamp": 1516560316.986254, "episode_rewards": [-21.0, -21.0, -20.0, -21.0, -15.0], "episode_lengths": [3056, 3056, 4459, 3723, 6238], "episode_types": ["t", "t", "t", "t", "t", "t"], "timestamps": [1516560358.1272957, 1516560397.8803473, 1516560457.5338342, 1516560507.8119493, 1516560593.910011]}