{"initial_reset_timestamp": 1516560317.150352, "episode_rewards": [-21.0, -20.0, -21.0, -19.0, -21.0], "episode_lengths": [3056, 3479, 3296, 3727, 4087], "episode_types": ["t", "t", "t", "t", "t", "t"], "timestamps": [1516560357.635052, 1516560403.4153495, 1516560446.981976, 1516560497.7729619, 1516560552.8466036]}