{"initial_reset_timestamp": 1516560316.9854834, "episode_rewards": [-21.0, -21.0, -19.0, -21.0, -19.0], "episode_lengths": [3056, 4024, 4220, 3296, 4356], "episode_types": ["t", "t", "t", "t", "t", "t"], "timestamps": [1516560358.1273563, 1516560410.7970808, 1516560467.4349174, 1516560511.8489318, 1516560571.2689602]}