{"initial_reset_timestamp": 1516560316.9854834, "episode_rewards": [-21.0, -20.0, -21.0, -21.0, -20.0, -20.0], "episode_lengths": [3056, 3677, 3300, 3176, 4508, 4307], "episode_types": ["t", "t", "t", "t", "t", "t", "t"], "timestamps": [1516560358.124488, 1516560406.352992, 1516560449.9264789, 1516560492.8101063, 1516560554.0944965, 1516560614.1443968]}