{"initial_reset_timestamp": 1516560316.9855008, "episode_rewards": [-21.0, -20.0, -21.0, -20.0, -20.0], "episode_lengths": [3056, 3367, 3128, 4076, 5257], "episode_types": ["t", "t", "t", "t", "t", "t"], "timestamps": [1516560358.124494, 1516560402.1879175, 1516560443.4926226, 1516560498.9162118, 1516560570.657138]}