{"initial_reset_timestamp": 1516560317.1117074, "episode_rewards": [-21.0, -21.0, -21.0, -21.0, -16.0], "episode_lengths": [3056, 3544, 3376, 3168, 5697], "episode_types": ["t", "t", "t", "t", "t", "t"], "timestamps": [1516560357.449864, 1516560404.394017, 1516560449.0983026, 1516560492.4496882, 1516560570.3343554]}