{"timestamps": [1516560795.4993258, 1516560811.8267927, 1516560825.5932777, 1516560836.5803404, 1516560850.463701, 1516560867.5305161, 1516560873.9812508, 1516560886.3778908, 1516560897.1549323, 1516560906.9004405, 1516560925.4109855, 1516560931.7541578, 1516560942.982785, 1516560953.738358, 1516560964.8948624, 1516560974.3538482, 1516560988.0319898, 1516561003.1409643, 1516561018.3601475, 1516561025.1389441, 1516561031.845989, 1516561038.6067019, 1516561049.507324, 1516561056.2709823, 1516561067.3191793, 1516561074.0150862, 1516561085.1360657, 1516561098.7564447, 1516561112.3234894, 1516561123.556945, 1516561138.1458411, 1516561144.8462615, 1516561151.2273772, 1516561162.5742984, 1516561173.3839855, 1516561187.5595257, 1516561201.4984963, 1516561221.0409126, 1516561235.4265833, 1516561247.09913, 1516561264.0033987, 1516561275.5568705, 1516561284.8837206, 1516561295.9822087, 1516561309.85337, 1516561320.7944262, 1516561330.5093322, 1516561336.8545897, 1516561348.028694], "episode_rewards": [1.0, 4.0, 3.0, 2.0, 3.0, 4.0, 0.0, 2.0, 2.0, 1.0, 5.0, 0.0, 2.0, 2.0, 2.0, 1.0, 3.0, 3.0, 4.0, 0.0, 0.0, 0.0, 2.0, 0.0, 2.0, 0.0, 2.0, 3.0, 3.0, 2.0, 3.0, 0.0, 0.0, 2.0, 2.0, 3.0, 3.0, 5.0, 3.0, 2.0, 4.0, 2.0, 1.0, 2.0, 3.0, 2.0, 1.0, 0.0, 2.0], "episode_lengths": [767, 1250, 1052, 867, 1067, 1237, 607, 951, 862, 728, 1341, 588, 864, 864, 880, 768, 1064, 1129, 1196, 585, 575, 575, 875, 581, 864, 573, 859, 1030, 1072, 836, 1075, 563, 544, 861, 848, 1056, 1055, 1373, 1065, 863, 1244, 912, 744, 897, 1054, 872, 759, 573, 879], "initial_reset_timestamp": 1516560786.1050084, "episode_types": ["t", "t", "t", "t", "t", "t", "t", "t", "t", "t", "t", "t", "t", "t", "t", "t", "t", "t", "t", "t", "t", "t", "t", "t", "t", "t", "t", "t", "t", "t", "t", "t", "t", "t", "t", "t", "t", "t", "t", "t", "t", "t", "t", "t", "t", "t", "t", "t", "t", "t"]}