{"timestamps": [1516560792.452033, 1516560806.1864781, 1516560819.7626786, 1516560829.236948, 1516560838.6089063, 1516560851.047636, 1516560857.4470086, 1516560868.826858, 1516560879.611101, 1516560893.462838, 1516560907.3565273, 1516560921.0519216, 1516560936.0192192, 1516560942.7918642, 1516560959.3165944, 1516560967.4393597, 1516560981.2347553, 1516560995.1000667, 1516561008.8478637, 1516561015.4920335, 1516561029.279185, 1516561035.6589034, 1516561046.8745136, 1516561057.9022095, 1516561069.2216759, 1516561082.8988707, 1516561093.5378022, 1516561101.6629589, 1516561115.6513596, 1516561131.494223, 1516561151.02354, 1516561157.838848, 1516561170.390649, 1516561181.1826653, 1516561195.4257627, 1516561207.063299, 1516561225.8076687, 1516561243.461074, 1516561250.6062832, 1516561261.654948, 1516561273.166795, 1516561284.1178555, 1516561295.567259, 1516561301.942646, 1516561314.8674188, 1516561324.2548692, 1516561330.9879196], "episode_rewards": [0.0, 3.0, 3.0, 1.0, 1.0, 2.0, 0.0, 2.0, 2.0, 3.0, 3.0, 3.0, 3.0, 0.0, 4.0, 1.0, 3.0, 3.0, 3.0, 0.0, 3.0, 0.0, 2.0, 2.0, 2.0, 3.0, 2.0, 1.0, 3.0, 4.0, 5.0, 0.0, 2.0, 2.0, 3.0, 2.0, 4.0, 5.0, 0.0, 2.0, 2.0, 2.0, 2.0, 0.0, 3.0, 1.0, 0.0], "episode_lengths": [532, 1009, 1025, 759, 759, 925, 575, 882, 871, 1023, 1070, 1088, 1155, 587, 1272, 669, 1065, 1056, 1072, 587, 1070, 564, 842, 877, 839, 1044, 852, 669, 1084, 1185, 1439, 563, 942, 854, 1096, 878, 1340, 1262, 560, 878, 846, 874, 915, 573, 948, 736, 604], "initial_reset_timestamp": 1516560786.0623112, "episode_types": ["t", "t", "t", "t", "t", "t", "t", "t", "t", "t", "t", "t", "t", "t", "t", "t", "t", "t", "t", "t", "t", "t", "t", "t", "t", "t", "t", "t", "t", "t", "t", "t", "t", "t", "t", "t", "t", "t", "t", "t", "t", "t", "t", "t", "t", "t", "t", "t"]}