{"timestamps": [1516560797.0234535, 1516560803.7314079, 1516560814.3714213, 1516560821.0395143, 1516560837.092569, 1516560850.9755518, 1516560866.3914943, 1516560877.2544782, 1516560888.5154371, 1516560899.4034975, 1516560910.632827, 1516560921.287382, 1516560932.5249171, 1516560946.323479, 1516560959.0232906, 1516560972.8593981, 1516560979.151371, 1516560987.24732, 1516561003.0177374, 1516561016.6474488, 1516561027.4198143, 1516561041.2914078, 1516561052.6072626, 1516561062.1460996, 1516561068.4747884, 1516561079.5795102, 1516561093.2038805, 1516561103.9803538, 1516561110.8155007, 1516561122.0382156, 1516561135.9932525, 1516561153.083492, 1516561161.359435, 1516561175.1915724, 1516561184.5355074, 1516561196.2195985, 1516561202.6395388, 1516561220.406713, 1516561233.7352805, 1516561248.1319883, 1516561256.5914712, 1516561263.11691, 1516561270.0600092, 1516561278.5074291, 1516561289.6954107, 1516561309.592545, 1516561320.5395281, 1516561329.810549, 1516561341.0355217], "episode_rewards": [2.0, 0.0, 2.0, 0.0, 4.0, 3.0, 4.0, 2.0, 2.0, 2.0, 2.0, 2.0, 2.0, 3.0, 3.0, 3.0, 0.0, 1.0, 4.0, 3.0, 2.0, 3.0, 2.0, 1.0, 0.0, 2.0, 3.0, 2.0, 0.0, 2.0, 3.0, 4.0, 1.0, 3.0, 1.0, 2.0, 0.0, 4.0, 3.0, 3.0, 1.0, 0.0, 0.0, 1.0, 2.0, 5.0, 2.0, 1.0, 2.0], "episode_lengths": [880, 540, 867, 525, 1202, 1048, 1196, 891, 862, 890, 880, 849, 824, 1067, 992, 1021, 575, 691, 1172, 1081, 846, 1068, 870, 751, 539, 888, 1046, 857, 572, 853, 1060, 1268, 689, 1051, 775, 865, 529, 1281, 979, 1065, 677, 581, 547, 700, 846, 1468, 876, 736, 832], "initial_reset_timestamp": 1516560785.9931457, "episode_types": ["t", "t", "t", "t", "t", "t", "t", "t", "t", "t", "t", "t", "t", "t", "t", "t", "t", "t", "t", "t", "t", "t", "t", "t", "t", "t", "t", "t", "t", "t", "t", "t", "t", "t", "t", "t", "t", "t", "t", "t", "t", "t", "t", "t", "t", "t", "t", "t", "t", "t"]}