{"timestamps": [1516560801.2763264, 1516560807.9152994, 1516560818.6913009, 1516560825.42613, 1516560834.8846664, 1516560847.631286, 1516560860.5633326, 1516560871.5727475, 1516560882.7729373, 1516560892.1032884, 1516560898.9114094, 1516560907.1553097, 1516560917.863141, 1516560931.6282103, 1516560938.4692805, 1516560947.776069, 1516560961.62012, 1516560978.0526388, 1516560994.9553766, 1516561005.7447474, 1516561012.3993702, 1516561021.6161592, 1516561028.437246, 1516561039.2272875, 1516561046.0147789, 1516561063.2043872, 1516561072.5473201, 1516561078.885381, 1516561097.0885048, 1516561114.1523883, 1516561127.9393237, 1516561134.760537, 1516561141.7433298, 1516561153.027325, 1516561161.289879, 1516561169.5674198, 1516561180.7592614, 1516561194.5832875, 1516561208.7806563, 1516561220.6394677, 1516561236.5407166, 1516561249.7872798, 1516561269.7801814, 1516561276.7815592, 1516561293.4339814, 1516561304.3616738, 1516561313.7937672, 1516561320.587326, 1516561335.674548, 1516561349.4361382], "episode_rewards": [4.0, 0.0, 2.0, 0.0, 1.0, 3.0, 3.0, 2.0, 2.0, 1.0, 0.0, 1.0, 2.0, 3.0, 0.0, 1.0, 3.0, 4.0, 4.0, 2.0, 0.0, 1.0, 0.0, 2.0, 0.0, 4.0, 1.0, 0.0, 5.0, 4.0, 3.0, 0.0, 0.0, 2.0, 1.0, 1.0, 2.0, 3.0, 3.0, 2.0, 4.0, 3.0, 5.0, 0.0, 4.0, 2.0, 1.0, 0.0, 3.0, 3.0], "episode_lengths": [1152, 509, 829, 537, 748, 961, 994, 887, 855, 716, 562, 689, 840, 1080, 545, 757, 1063, 1260, 1259, 905, 553, 767, 592, 896, 557, 1256, 767, 552, 1372, 1268, 1060, 551, 567, 844, 685, 696, 895, 1047, 1063, 871, 1192, 1013, 1474, 552, 1253, 875, 745, 560, 1144, 1067], "initial_reset_timestamp": 1516560785.9931278, "episode_types": ["t", "t", "t", "t", "t", "t", "t", "t", "t", "t", "t", "t", "t", "t", "t", "t", "t", "t", "t", "t", "t", "t", "t", "t", "t", "t", "t", "t", "t", "t", "t", "t", "t", "t", "t", "t", "t", "t", "t", "t", "t", "t", "t", "t", "t", "t", "t", "t", "t", "t", "t"]}