{"timestamps": [1516560794.299438, 1516560807.9154437, 1516560824.2594707, 1516560831.1193726, 1516560837.5765128, 1516560850.0087795, 1516560864.0675418, 1516560870.9154773, 1516560884.8568163, 1516560895.631398, 1516560906.8874888, 1516560913.2557704, 1516560924.3714547, 1516560938.2172732, 1516560944.5634956, 1516560951.2343018, 1516560958.092288, 1516560968.923436, 1516560978.1073852, 1516560989.2315903, 1516561005.8007898, 1516561012.4595478, 1516561019.1114519, 1516561029.867473, 1516561041.0714302, 1516561047.9039407, 1516561057.435423, 1516561068.3349307, 1516561076.4556603, 1516561090.1073434, 1516561107.0526056, 1516561117.7554362, 1516561124.5634723, 1516561139.0487475, 1516561145.3593342, 1516561152.1968048, 1516561168.6179821, 1516561185.6438043, 1516561196.7835872, 1516561203.7286518, 1516561218.038496, 1516561227.134931, 1516561233.9355311, 1516561240.6595163, 1516561249.5223286, 1516561266.381266, 1516561283.0450454, 1516561292.535438, 1516561303.8792245, 1516561310.8154812, 1516561320.215473, 1516561334.1115427], "episode_rewards": [1.0, 3.0, 4.0, 0.0, 0.0, 2.0, 3.0, 0.0, 3.0, 2.0, 2.0, 0.0, 2.0, 3.0, 0.0, 0.0, 0.0, 2.0, 1.0, 2.0, 4.0, 0.0, 0.0, 2.0, 2.0, 0.0, 1.0, 2.0, 1.0, 3.0, 4.0, 2.0, 0.0, 3.0, 0.0, 0.0, 4.0, 4.0, 2.0, 0.0, 3.0, 1.0, 0.0, 0.0, 1.0, 4.0, 4.0, 1.0, 2.0, 0.0, 1.0, 3.0], "episode_lengths": [666, 1054, 1271, 579, 567, 968, 1091, 580, 1074, 869, 847, 556, 867, 1048, 560, 528, 551, 886, 743, 884, 1280, 548, 584, 873, 866, 535, 747, 851, 647, 1060, 1252, 910, 556, 1084, 557, 576, 1230, 1262, 880, 576, 1056, 669, 601, 559, 683, 1279, 1262, 779, 866, 540, 761, 1097], "initial_reset_timestamp": 1516560785.9931328, "episode_types": ["t", "t", "t", "t", "t", "t", "t", "t", "t", "t", "t", "t", "t", "t", "t", "t", "t", "t", "t", "t", "t", "t", "t", "t", "t", "t", "t", "t", "t", "t", "t", "t", "t", "t", "t", "t", "t", "t", "t", "t", "t", "t", "t", "t", "t", "t", "t", "t", "t", "t", "t", "t", "t"]}