{"timestamps": [1516560798.3021073, 1516560809.29401, 1516560821.212582, 1516560828.0439832, 1516560834.9373255, 1516560845.8303132, 1516560852.6153288, 1516560866.6535234, 1516560885.2773209, 1516560897.5998158, 1516560903.987481, 1516560910.833146, 1516560921.878439, 1516560935.23681, 1516560942.0389314, 1516560953.1995049, 1516560966.9973798, 1516560982.1496398, 1516560998.66677, 1516561005.3739457, 1516561018.9855623, 1516561028.2645414, 1516561039.0726953, 1516561051.9766119, 1516561065.9654121, 1516561077.1140609, 1516561087.8053517, 1516561101.4674687, 1516561112.8527334, 1516561126.2396083, 1516561140.713962, 1516561151.9240015, 1516561165.7839432, 1516561172.2520304, 1516561178.901127, 1516561195.7681227, 1516561208.8790214, 1516561223.5420043, 1516561230.625578, 1516561247.5954723, 1516561261.781696, 1516561268.7045271, 1516561281.6748965, 1516561295.7743113, 1516561302.5202174, 1516561308.9773657, 1516561320.2966802, 1516561336.763079, 1516561343.5468354], "episode_rewards": [3.0, 2.0, 2.0, 0.0, 0.0, 2.0, 0.0, 3.0, 5.0, 2.0, 0.0, 0.0, 2.0, 3.0, 0.0, 2.0, 3.0, 3.0, 4.0, 0.0, 3.0, 1.0, 2.0, 3.0, 3.0, 2.0, 2.0, 3.0, 2.0, 3.0, 3.0, 2.0, 3.0, 0.0, 0.0, 4.0, 3.0, 3.0, 0.0, 4.0, 3.0, 0.0, 3.0, 3.0, 0.0, 0.0, 2.0, 4.0, 0.0], "episode_lengths": [970, 836, 900, 601, 557, 843, 541, 1061, 1361, 929, 539, 552, 845, 1064, 559, 858, 1039, 1160, 1249, 564, 1065, 739, 849, 980, 1030, 862, 842, 1068, 871, 1089, 1059, 856, 1032, 581, 519, 1247, 980, 1077, 581, 1258, 1061, 591, 999, 1060, 579, 559, 863, 1256, 575], "initial_reset_timestamp": 1516560786.031555, "episode_types": ["t", "t", "t", "t", "t", "t", "t", "t", "t", "t", "t", "t", "t", "t", "t", "t", "t", "t", "t", "t", "t", "t", "t", "t", "t", "t", "t", "t", "t", "t", "t", "t", "t", "t", "t", "t", "t", "t", "t", "t", "t", "t", "t", "t", "t", "t", "t", "t", "t", "t"]}