{"timestamps": [1516560794.303086, 1516560800.5228202, 1516560811.6110644, 1516560818.3453748, 1516560827.667466, 1516560838.6528192, 1516560849.8058784, 1516560859.3269315, 1516560868.7318285, 1516560877.9751046, 1516560884.8545718, 1516560895.635093, 1516560902.4579816, 1516560913.259193, 1516560931.6783226, 1516560942.9128165, 1516560953.6728551, 1516560967.4918497, 1516560978.6459098, 1516560999.8271084, 1516561010.481356, 1516561024.1009204, 1516561035.2999268, 1516561051.928624, 1516561065.9168203, 1516561077.0651896, 1516561090.775679, 1516561100.4633245, 1516561114.4623818, 1516561121.2117834, 1516561127.974094, 1516561150.891494, 1516561164.8172326, 1516561175.6931088, 1516561187.142297, 1516561201.1033633, 1516561215.3791573, 1516561232.6530075, 1516561238.9949627, 1516561246.1972835, 1516561261.5961254, 1516561274.4550083, 1516561288.407178, 1516561309.9594834, 1516561316.750721, 1516561330.5993102, 1516561341.392106], "episode_rewards": [1.0, 0.0, 2.0, 0.0, 1.0, 2.0, 2.0, 1.0, 1.0, 1.0, 0.0, 2.0, 0.0, 2.0, 5.0, 2.0, 2.0, 3.0, 2.0, 6.0, 2.0, 3.0, 2.0, 4.0, 3.0, 2.0, 3.0, 2.0, 3.0, 0.0, 0.0, 9.0, 3.0, 2.0, 2.0, 3.0, 3.0, 4.0, 0.0, 0.0, 3.0, 2.0, 3.0, 9.0, 0.0, 3.0, 2.0], "episode_lengths": [677, 532, 844, 549, 751, 872, 838, 772, 748, 748, 605, 855, 541, 832, 1386, 891, 867, 1067, 866, 1562, 885, 1076, 881, 1237, 1059, 848, 1032, 827, 1048, 573, 551, 1644, 1071, 843, 890, 1047, 1032, 1221, 545, 555, 1136, 998, 1044, 1598, 589, 1076, 867], "initial_reset_timestamp": 1516560786.0282447, "episode_types": ["t", "t", "t", "t", "t", "t", "t", "t", "t", "t", "t", "t", "t", "t", "t", "t", "t", "t", "t", "t", "t", "t", "t", "t", "t", "t", "t", "t", "t", "t", "t", "t", "t", "t", "t", "t", "t", "t", "t", "t", "t", "t", "t", "t", "t", "t", "t", "t"]}