{"timestamps": [1516560794.3328376, 1516560805.0805163, 1516560813.2031121, 1516560819.8542678, 1516560831.180794, 1516560837.6424193, 1516560850.335434, 1516560859.8635406, 1516560872.4152288, 1516560884.3952334, 1516560895.5844283, 1516560902.4112337, 1516560910.6908846, 1516560921.3550608, 1516560932.5795002, 1516560943.4070668, 1516560953.0771644, 1516560962.3885908, 1516560971.7682076, 1516560985.4296126, 1516560991.7993076, 1516561003.0753222, 1516561016.699161, 1516561030.480338, 1516561041.2954862, 1516561055.2190921, 1516561066.211244, 1516561079.980356, 1516561091.04324, 1516561101.722319, 1516561108.6153913, 1516561119.7374246, 1516561133.966301, 1516561147.682639, 1516561166.236304, 1516561178.9036934, 1516561185.8243108, 1516561199.9398339, 1516561211.2297018, 1516561233.8802218, 1516561248.2594144, 1516561262.43645, 1516561268.9432137, 1516561276.0075362, 1516561287.167191, 1516561300.880058, 1516561320.6538622, 1516561328.7852716, 1516561342.6469724], "episode_rewards": [1.0, 2.0, 1.0, 0.0, 2.0, 0.0, 3.0, 1.0, 2.0, 2.0, 2.0, 0.0, 1.0, 2.0, 2.0, 2.0, 1.0, 1.0, 1.0, 3.0, 0.0, 2.0, 3.0, 3.0, 2.0, 3.0, 2.0, 3.0, 2.0, 2.0, 0.0, 2.0, 3.0, 3.0, 5.0, 3.0, 0.0, 3.0, 2.0, 6.0, 3.0, 3.0, 0.0, 0.0, 2.0, 3.0, 5.0, 1.0, 3.0], "episode_lengths": [695, 878, 630, 563, 911, 529, 964, 805, 939, 955, 868, 532, 665, 870, 899, 861, 761, 751, 787, 1087, 576, 844, 1073, 1064, 862, 1063, 865, 1064, 873, 849, 584, 855, 1040, 1068, 1400, 979, 564, 1070, 859, 1574, 1087, 1040, 532, 609, 842, 1044, 1490, 681, 1027], "initial_reset_timestamp": 1516560786.0299149, "episode_types": ["t", "t", "t", "t", "t", "t", "t", "t", "t", "t", "t", "t", "t", "t", "t", "t", "t", "t", "t", "t", "t", "t", "t", "t", "t", "t", "t", "t", "t", "t", "t", "t", "t", "t", "t", "t", "t", "t", "t", "t", "t", "t", "t", "t", "t", "t", "t", "t", "t", "t"]}