{"timestamps": [1516560794.366783, 1516560803.5019798, 1516560809.7430658, 1516560816.5266194, 1516560839.3666263, 1516560845.7455618, 1516560857.0181043, 1516560866.4029949, 1516560880.3411362, 1516560891.1147459, 1516560899.4801643, 1516560906.1690197, 1516560916.3416312, 1516560932.6511426, 1516560946.419134, 1516560957.2223487, 1516560968.4230404, 1516560984.7716577, 1516560994.147007, 1516561007.9757774, 1516561024.6918392, 1516561035.490401, 1516561046.7215452, 1516561063.5343604, 1516561074.2385707, 1516561080.9906263, 1516561094.574123, 1516561111.1748848, 1516561122.4098148, 1516561129.3266354, 1516561136.0604184, 1516561149.9349167, 1516561163.9430058, 1516561173.290064, 1516561184.4141138, 1516561191.7694163, 1516561202.522784, 1516561216.800725, 1516561231.6751776, 1516561245.9089172, 1516561269.107777, 1516561280.5541403, 1516561299.2781446, 1516561306.049138, 1516561315.4317598, 1516561326.2661898, 1516561342.7548642], "episode_rewards": [1.0, 1.0, 0.0, 0.0, 9.0, 0.0, 2.0, 1.0, 3.0, 2.0, 1.0, 0.0, 2.0, 4.0, 3.0, 2.0, 2.0, 4.0, 1.0, 3.0, 4.0, 2.0, 2.0, 4.0, 2.0, 0.0, 3.0, 4.0, 2.0, 0.0, 0.0, 3.0, 3.0, 1.0, 2.0, 0.0, 2.0, 3.0, 3.0, 3.0, 9.0, 2.0, 5.0, 0.0, 1.0, 2.0, 4.0], "episode_lengths": [687, 712, 556, 540, 1623, 574, 868, 764, 1029, 865, 644, 556, 795, 1251, 1052, 868, 863, 1248, 763, 1072, 1280, 860, 864, 1236, 858, 571, 1077, 1230, 848, 531, 569, 1055, 1043, 779, 827, 573, 888, 1048, 1044, 1070, 1681, 891, 1356, 573, 772, 847, 1258], "initial_reset_timestamp": 1516560786.0930665, "episode_types": ["t", "t", "t", "t", "t", "t", "t", "t", "t", "t", "t", "t", "t", "t", "t", "t", "t", "t", "t", "t", "t", "t", "t", "t", "t", "t", "t", "t", "t", "t", "t", "t", "t", "t", "t", "t", "t", "t", "t", "t", "t", "t", "t", "t", "t", "t", "t", "t"]}