{"timestamps": [1516560797.7070954, 1516560806.85739, 1516560824.5000625, 1516560841.7565372, 1516560858.279236, 1516560872.2472727, 1516560878.951916, 1516560896.5789754, 1516560907.4429786, 1516560918.526661, 1516560924.9093897, 1516560941.7762017, 1516560948.4951723, 1516560954.9377973, 1516560967.5470488, 1516560981.3228965, 1516560992.4911952, 1516560998.9754684, 1516561013.8118606, 1516561027.5345912, 1516561036.8548386, 1516561053.8520443, 1516561060.386886, 1516561078.8091264, 1516561085.4514058, 1516561096.4868596, 1516561105.836934, 1516561119.6830795, 1516561133.4515965, 1516561145.0271976, 1516561158.983059, 1516561168.2887745, 1516561179.1071072, 1516561196.5421717, 1516561210.8038023, 1516561225.5612674, 1516561232.5434997, 1516561243.6055014, 1516561260.5648928, 1516561273.6410055, 1516561284.943114, 1516561299.1511197, 1516561305.4830282, 1516561316.8393223, 1516561323.654629, 1516561337.4348402, 1516561343.7911377], "episode_rewards": [3.0, 1.0, 4.0, 4.0, 4.0, 3.0, 0.0, 4.0, 2.0, 2.0, 0.0, 4.0, 0.0, 0.0, 3.0, 3.0, 2.0, 0.0, 3.0, 3.0, 1.0, 4.0, 0.0, 5.0, 0.0, 2.0, 1.0, 3.0, 3.0, 2.0, 3.0, 1.0, 2.0, 4.0, 3.0, 3.0, 0.0, 2.0, 4.0, 3.0, 2.0, 3.0, 0.0, 2.0, 0.0, 3.0, 0.0], "episode_lengths": [921, 720, 1324, 1304, 1248, 1036, 553, 1354, 841, 843, 572, 1292, 583, 580, 1000, 1065, 884, 565, 1156, 1100, 732, 1240, 521, 1345, 580, 849, 745, 1062, 1043, 886, 1061, 747, 861, 1274, 1080, 1069, 552, 866, 1230, 970, 857, 1054, 577, 874, 559, 1102, 568], "initial_reset_timestamp": 1516560786.0403414, "episode_types": ["t", "t", "t", "t", "t", "t", "t", "t", "t", "t", "t", "t", "t", "t", "t", "t", "t", "t", "t", "t", "t", "t", "t", "t", "t", "t", "t", "t", "t", "t", "t", "t", "t", "t", "t", "t", "t", "t", "t", "t", "t", "t", "t", "t", "t", "t", "t", "t"]}