{"timestamps": [1516560796.9208887, 1516560803.6136472, 1516560822.958941, 1516560835.408969, 1516560845.1938772, 1516560851.5700386, 1516560866.7955148, 1516560873.6293557, 1516560887.4986894, 1516560896.7625666, 1516560908.1348145, 1516560914.4423058, 1516560926.6492827, 1516560942.9700313, 1516560953.7282965, 1516560963.0905054, 1516560976.8113432, 1516560990.5269094, 1516561010.2275608, 1516561021.183483, 1516561032.0350583, 1516561043.2430398, 1516561057.2958574, 1516561068.1875072, 1516561084.521257, 1516561091.2745142, 1516561102.3233826, 1516561113.2560415, 1516561128.2272632, 1516561135.4942546, 1516561146.4133716, 1516561162.3571837, 1516561168.7164438, 1516561182.5003066, 1516561196.7910721, 1516561203.734535, 1516561218.045968, 1516561235.4876373, 1516561247.1505685, 1516561260.210948, 1516561277.2382145, 1516561289.5794775, 1516561303.6705883, 1516561310.2237227, 1516561328.5907686, 1516561339.7950659, 1516561349.0832868], "episode_rewards": [2.0, 0.0, 5.0, 3.0, 1.0, 0.0, 3.0, 0.0, 3.0, 1.0, 2.0, 0.0, 2.0, 4.0, 2.0, 1.0, 3.0, 3.0, 5.0, 2.0, 2.0, 2.0, 3.0, 2.0, 4.0, 0.0, 2.0, 2.0, 3.0, 0.0, 2.0, 4.0, 0.0, 3.0, 3.0, 0.0, 3.0, 4.0, 2.0, 3.0, 4.0, 2.0, 3.0, 0.0, 5.0, 2.0, 1.0], "episode_lengths": [871, 533, 1483, 1005, 732, 572, 1169, 588, 1084, 712, 867, 575, 957, 1248, 830, 749, 1055, 1092, 1489, 859, 878, 877, 1032, 845, 1252, 580, 872, 838, 1164, 568, 856, 1176, 571, 1068, 1040, 591, 1071, 1248, 848, 1003, 1244, 988, 1070, 595, 1360, 866, 758], "initial_reset_timestamp": 1516560786.0909817, "episode_types": ["t", "t", "t", "t", "t", "t", "t", "t", "t", "t", "t", "t", "t", "t", "t", "t", "t", "t", "t", "t", "t", "t", "t", "t", "t", "t", "t", "t", "t", "t", "t", "t", "t", "t", "t", "t", "t", "t", "t", "t", "t", "t", "t", "t", "t", "t", "t", "t"]}