{"timestamps": [1516560803.3645535, 1516560809.5960667, 1516560816.3986518, 1516560823.1125898, 1516560830.003586, 1516560839.4198127, 1516560850.1743684, 1516560861.5268078, 1516560867.9497602, 1516560879.1408052, 1516560886.035189, 1516560902.5763566, 1516560913.3956513, 1516560919.9926243, 1516560933.8884277, 1516560945.0849338, 1516560957.0877624, 1516560970.9511461, 1516560982.719262, 1516560996.6236193, 1516561003.3469186, 1516561018.1203213, 1516561029.3319373, 1516561035.7045372, 1516561046.9257438, 1516561057.9519947, 1516561069.2560637, 1516561079.9241326, 1516561086.5758865, 1516561100.1859126, 1516561107.2098489, 1516561117.9060178, 1516561129.3143694, 1516561139.1323617, 1516561145.8325093, 1516561170.8092818, 1516561186.8007777, 1516561203.5908527, 1516561216.606035, 1516561228.501065, 1516561242.565779, 1516561254.3379657, 1516561260.7067523, 1516561274.9706743, 1516561293.3865497, 1516561300.2795029, 1516561306.682971, 1516561319.5497882, 1516561326.3546798, 1516561334.5902073, 1516561343.8857], "episode_rewards": [5.0, 0.0, 0.0, 0.0, 0.0, 1.0, 2.0, 2.0, 0.0, 2.0, 0.0, 4.0, 2.0, 0.0, 3.0, 2.0, 2.0, 3.0, 2.0, 3.0, 0.0, 3.0, 2.0, 0.0, 2.0, 2.0, 2.0, 2.0, 0.0, 3.0, 0.0, 2.0, 2.0, 1.0, 0.0, 7.0, 4.0, 4.0, 3.0, 2.0, 3.0, 2.0, 0.0, 3.0, 4.0, 0.0, 0.0, 3.0, 0.0, 1.0, 1.0], "episode_lengths": [1301, 531, 540, 562, 555, 763, 847, 919, 584, 898, 563, 1230, 878, 580, 1076, 870, 953, 1044, 964, 1076, 577, 1155, 886, 589, 880, 852, 844, 867, 510, 1075, 564, 838, 855, 749, 537, 1848, 1200, 1241, 1018, 876, 1057, 873, 565, 1040, 1312, 532, 577, 1006, 561, 676, 753], "initial_reset_timestamp": 1516560785.9931512, "episode_types": ["t", "t", "t", "t", "t", "t", "t", "t", "t", "t", "t", "t", "t", "t", "t", "t", "t", "t", "t", "t", "t", "t", "t", "t", "t", "t", "t", "t", "t", "t", "t", "t", "t", "t", "t", "t", "t", "t", "t", "t", "t", "t", "t", "t", "t", "t", "t", "t", "t", "t", "t", "t"]}