{"timestamps": [1516560792.4515831, 1516560804.7504044, 1516560811.394774, 1516560822.064527, 1516560834.2339475, 1516560844.1103737, 1516560854.985127, 1516560861.748197, 1516560870.0615492, 1516560879.3862119, 1516560893.216717, 1516560908.2254007, 1516560927.633777, 1516560935.9250774, 1516560954.326478, 1516560965.1019337, 1516560978.8630533, 1516560987.0528717, 1516560993.8653522, 1516561000.7452939, 1516561007.0094023, 1516561024.8618402, 1516561038.663188, 1516561049.5546854, 1516561061.0132775, 1516561067.3616874, 1516561086.7819076, 1516561096.962001, 1516561115.1351426, 1516561131.7693179, 1516561146.070587, 1516561160.0282981, 1516561173.898887, 1516561190.8067806, 1516561197.468401, 1516561210.576303, 1516561222.0909798, 1516561239.0509999, 1516561246.2573621, 1516561260.5133595, 1516561267.4512346, 1516561279.1113188, 1516561298.5567787, 1516561309.7818604, 1516561329.4451928, 1516561340.2457082], "episode_rewards": [0.0, 2.0, 0.0, 2.0, 2.0, 1.0, 2.0, 0.0, 1.0, 1.0, 3.0, 3.0, 5.0, 1.0, 5.0, 2.0, 3.0, 1.0, 0.0, 0.0, 0.0, 4.0, 3.0, 2.0, 2.0, 0.0, 5.0, 2.0, 4.0, 4.0, 3.0, 3.0, 3.0, 4.0, 0.0, 3.0, 2.0, 4.0, 0.0, 3.0, 0.0, 2.0, 5.0, 2.0, 5.0, 2.0], "episode_lengths": [532, 945, 573, 854, 968, 744, 885, 567, 652, 752, 1048, 1134, 1442, 727, 1390, 870, 1047, 688, 577, 565, 564, 1356, 1084, 879, 884, 561, 1446, 845, 1336, 1248, 1064, 1056, 1073, 1268, 577, 981, 880, 1249, 547, 1058, 527, 903, 1468, 891, 1484, 883], "initial_reset_timestamp": 1516560786.0635066, "episode_types": ["t", "t", "t", "t", "t", "t", "t", "t", "t", "t", "t", "t", "t", "t", "t", "t", "t", "t", "t", "t", "t", "t", "t", "t", "t", "t", "t", "t", "t", "t", "t", "t", "t", "t", "t", "t", "t", "t", "t", "t", "t", "t", "t", "t", "t", "t", "t"]}