{"timestamps": [1516560801.325532, 1516560810.871813, 1516560821.946408, 1516560828.8024063, 1516560839.8185833, 1516560853.8143773, 1516560866.2471044, 1516560878.260578, 1516560890.6498117, 1516560901.5932996, 1516560912.7658541, 1516560922.0107539, 1516560935.765365, 1516560952.2321713, 1516560963.0400894, 1516560979.978897, 1516560990.6779919, 1516560997.6169982, 1516561004.342909, 1516561014.9226205, 1516561021.5655637, 1516561034.2968178, 1516561048.175839, 1516561054.9671524, 1516561061.5918956, 1516561075.2828133, 1516561086.4003654, 1516561101.0609546, 1516561112.0351944, 1516561128.6066387, 1516561145.9554408, 1516561162.5203173, 1516561170.7265704, 1516561177.4828665, 1516561188.7964282, 1516561195.4714625, 1516561207.110034, 1516561223.2183309, 1516561237.4599826, 1516561246.0869691, 1516561258.8890917, 1516561269.9652777, 1516561283.9654412, 1516561298.1447706, 1516561319.4332287, 1516561333.3025725, 1516561339.9771726], "episode_rewards": [4.0, 2.0, 2.0, 0.0, 2.0, 3.0, 2.0, 2.0, 2.0, 2.0, 2.0, 1.0, 3.0, 4.0, 2.0, 4.0, 2.0, 0.0, 0.0, 2.0, 0.0, 3.0, 3.0, 0.0, 0.0, 3.0, 2.0, 3.0, 2.0, 4.0, 4.0, 4.0, 1.0, 0.0, 2.0, 0.0, 2.0, 4.0, 3.0, 1.0, 2.0, 2.0, 3.0, 3.0, 6.0, 3.0, 0.0], "episode_lengths": [1192, 782, 836, 596, 895, 1057, 983, 952, 926, 871, 857, 779, 1088, 1268, 848, 1270, 870, 549, 560, 871, 552, 974, 1052, 549, 573, 1052, 849, 1123, 869, 1281, 1230, 1264, 663, 549, 849, 581, 892, 1174, 1079, 689, 923, 868, 1025, 1065, 1590, 1060, 523], "initial_reset_timestamp": 1516560786.0602167, "episode_types": ["t", "t", "t", "t", "t", "t", "t", "t", "t", "t", "t", "t", "t", "t", "t", "t", "t", "t", "t", "t", "t", "t", "t", "t", "t", "t", "t", "t", "t", "t", "t", "t", "t", "t", "t", "t", "t", "t", "t", "t", "t", "t", "t", "t", "t", "t", "t", "t"]}