{"timestamps": [1516560794.306842, 1516560808.5898225, 1516560822.3250253, 1516560833.72488, 1516560844.6478276, 1516560854.0436828, 1516560868.0040333, 1516560879.1757066, 1516560890.003519, 1516560903.9093065, 1516560918.8385236, 1516560932.7293518, 1516560940.9070969, 1516560965.1296794, 1516560978.9346235, 1516560991.2404213, 1516561004.785487, 1516561018.3591259, 1516561033.4197786, 1516561047.30785, 1516561060.155954, 1516561066.980672, 1516561077.2161462, 1516561089.1269403, 1516561101.3560398, 1516561115.3519106, 1516561124.6530452, 1516561140.6359715, 1516561162.9439883, 1516561175.4292057, 1516561189.7344623, 1516561209.6283712, 1516561226.0162344, 1516561244.8295448, 1516561257.2268293, 1516561268.6521606, 1516561278.278246, 1516561292.1929643, 1516561305.0518801, 1516561319.0020728, 1516561337.520006], "episode_rewards": [1.0, 3.0, 3.0, 2.0, 2.0, 1.0, 3.0, 2.0, 2.0, 3.0, 4.0, 3.0, 1.0, 7.0, 3.0, 2.0, 3.0, 3.0, 3.0, 3.0, 3.0, 0.0, 2.0, 2.0, 2.0, 3.0, 1.0, 4.0, 6.0, 2.0, 3.0, 5.0, 4.0, 5.0, 2.0, 2.0, 1.0, 3.0, 3.0, 3.0, 5.0], "episode_lengths": [677, 1131, 1040, 886, 861, 763, 1091, 878, 861, 1049, 1128, 1060, 672, 1794, 1048, 952, 1108, 1063, 1159, 1044, 966, 557, 816, 968, 940, 1048, 749, 1204, 1648, 947, 1052, 1447, 1180, 1340, 939, 895, 773, 1069, 996, 1072, 1360], "initial_reset_timestamp": 1516560786.0941045, "episode_types": ["t", "t", "t", "t", "t", "t", "t", "t", "t", "t", "t", "t", "t", "t", "t", "t", "t", "t", "t", "t", "t", "t", "t", "t", "t", "t", "t", "t", "t", "t", "t", "t", "t", "t", "t", "t", "t", "t", "t", "t", "t", "t"]}