{"timestamps": [1516560792.4518998, 1516560803.55438, 1516560813.1455493, 1516560826.9079044, 1516560833.8259974, 1516560853.595317, 1516560860.428376, 1516560873.9586422, 1516560885.2348976, 1516560899.0469697, 1516560909.8992543, 1516560925.5634654, 1516560936.3154838, 1516560952.1774266, 1516560959.0515163, 1516560969.825421, 1516560976.4794717, 1516560988.369111, 1516560995.2584739, 1516561006.4348671, 1516561022.6592963, 1516561033.4713259, 1516561047.3588104, 1516561061.4653378, 1516561078.2587774, 1516561094.4501133, 1516561101.1499228, 1516561115.1387868, 1516561128.6796324, 1516561147.6850755, 1516561154.571679, 1516561171.493582, 1516561179.7230244, 1516561191.0770113, 1516561205.1779208, 1516561219.4382102, 1516561226.8866081, 1516561237.765529, 1516561252.314824, 1516561259.1623766, 1516561273.3522842, 1516561288.4992068, 1516561311.195644, 1516561330.7594085, 1516561337.522697], "episode_rewards": [0.0, 2.0, 2.0, 3.0, 0.0, 5.0, 0.0, 3.0, 2.0, 3.0, 2.0, 4.0, 2.0, 4.0, 0.0, 2.0, 0.0, 2.0, 0.0, 2.0, 4.0, 2.0, 3.0, 3.0, 4.0, 4.0, 0.0, 3.0, 3.0, 8.0, 0.0, 4.0, 1.0, 2.0, 3.0, 3.0, 0.0, 2.0, 3.0, 0.0, 3.0, 3.0, 6.0, 5.0, 0.0], "episode_lengths": [546, 823, 764, 1056, 558, 1426, 579, 1069, 875, 1075, 850, 1168, 862, 1202, 545, 869, 555, 946, 559, 878, 1257, 889, 1076, 1088, 1243, 1218, 576, 1052, 1104, 1382, 557, 1256, 703, 849, 1069, 1102, 589, 846, 1080, 552, 1080, 1121, 1684, 1462, 565], "initial_reset_timestamp": 1516560786.0729332, "episode_types": ["t", "t", "t", "t", "t", "t", "t", "t", "t", "t", "t", "t", "t", "t", "t", "t", "t", "t", "t", "t", "t", "t", "t", "t", "t", "t", "t", "t", "t", "t", "t", "t", "t", "t", "t", "t", "t", "t", "t", "t", "t", "t", "t", "t", "t", "t"]}