{"Iteration": 0, "Steps": 999, "Epsilon": 0.905095, "Episodes": 58, "AverageReturn": 0.0, "AverageDiscountedReturn": 0.0, "TDError^2": NaN}
{"Iteration": 0, "Steps": 999, "Epsilon": 0.905095, "Episodes": 58, "AverageReturn": 0.0, "AverageDiscountedReturn": 0.0, "TDError^2": NaN}
{"Iteration": 1, "Steps": 1999, "Epsilon": 0.810095, "Episodes": 114, "AverageReturn": 0.6, "AverageDiscountedReturn": 0.4991936490873375, "TDError^2": 0.009533309377729893}
{"Iteration": 0, "Steps": 999, "Epsilon": 0.905095, "Episodes": 58, "AverageReturn": 0.0, "AverageDiscountedReturn": 0.0, "TDError^2": NaN}
{"Iteration": 1, "Steps": 1999, "Epsilon": 0.810095, "Episodes": 113, "AverageReturn": 0.3, "AverageDiscountedReturn": 0.24719051192840938, "TDError^2": 0.00692445645108819}
{"Iteration": 2, "Steps": 2999, "Epsilon": 0.715095, "Episodes": 187, "AverageReturn": 0.2, "AverageDiscountedReturn": 0.1846328304158716, "TDError^2": 0.01728118397295475}
{"Iteration": 3, "Steps": 3999, "Epsilon": 0.6200950000000001, "Episodes": 273, "AverageReturn": 0.6, "AverageDiscountedReturn": 0.540189182167318, "TDError^2": 0.02218538522720337}
{"Iteration": 4, "Steps": 4999, "Epsilon": 0.5250950000000001, "Episodes": 368, "AverageReturn": 0.6, "AverageDiscountedReturn": 0.5435027259315132, "TDError^2": 0.021145572885870934}
{"Iteration": 5, "Steps": 5999, "Epsilon": 0.430095, "Episodes": 467, "AverageReturn": 0.8, "AverageDiscountedReturn": 0.7212155133958922, "TDError^2": 0.028279149904847145}
{"Iteration": 6, "Steps": 6999, "Epsilon": 0.33509500000000003, "Episodes": 584, "AverageReturn": 0.7, "AverageDiscountedReturn": 0.6628495746807989, "TDError^2": 0.02247064746916294}
{"Iteration": 7, "Steps": 7999, "Epsilon": 0.24009499999999995, "Episodes": 717, "AverageReturn": 0.8, "AverageDiscountedReturn": 0.7430055968710421, "TDError^2": 0.026423737406730652}
{"Iteration": 8, "Steps": 8999, "Epsilon": 0.14509499999999997, "Episodes": 861, "AverageReturn": 1.0, "AverageDiscountedReturn": 0.9387689737697201, "TDError^2": 0.025743620470166206}
{"Iteration": 9, "Steps": 9999, "Epsilon": 0.050095, "Episodes": 1018, "AverageReturn": 0.9, "AverageDiscountedReturn": 0.8558910449099999, "TDError^2": 0.024244671687483788}
{"Iteration": 10, "Steps": 10999, "Epsilon": 0.050000000000000044, "Episodes": 1178, "AverageReturn": 1.0, "AverageDiscountedReturn": 0.946254119451498, "TDError^2": 0.021635673940181732}
{"Iteration": 11, "Steps": 11999, "Epsilon": 0.050000000000000044, "Episodes": 1337, "AverageReturn": 1.0, "AverageDiscountedReturn": 0.948146589650799, "TDError^2": 0.02217359095811844}
{"Iteration": 0, "Steps": 999, "Epsilon": 0.905095, "Episodes": 58, "AverageReturn": 0.0, "AverageDiscountedReturn": 0.0, "TDError^2": NaN}
{"Iteration": 0, "Steps": 999, "Epsilon": 0.905095, "Episodes": 58, "AverageReturn": 0.0, "AverageDiscountedReturn": 0.0, "TDError^2": NaN}
{"Iteration": 1, "Steps": 1999, "Epsilon": 0.810095, "Episodes": 114, "AverageReturn": 0.4, "AverageDiscountedReturn": 0.3306922134764641, "TDError^2": 0.011708969250321388}
{"Iteration": 2, "Steps": 2999, "Epsilon": 0.715095, "Episodes": 191, "AverageReturn": 0.2, "AverageDiscountedReturn": 0.18553721249088043, "TDError^2": 0.01759672909975052}
{"Iteration": 3, "Steps": 3999, "Epsilon": 0.6200950000000001, "Episodes": 281, "AverageReturn": 0.6, "AverageDiscountedReturn": 0.540189182167318, "TDError^2": 0.020871896296739578}
{"Iteration": 4, "Steps": 4999, "Epsilon": 0.5250950000000001, "Episodes": 376, "AverageReturn": 0.6, "AverageDiscountedReturn": 0.5433614637498344, "TDError^2": 0.020401407033205032}
{"Iteration": 5, "Steps": 5999, "Epsilon": 0.430095, "Episodes": 482, "AverageReturn": 0.9, "AverageDiscountedReturn": 0.8154800046244421, "TDError^2": 0.028346240520477295}
{"Iteration": 6, "Steps": 6999, "Epsilon": 0.33509500000000003, "Episodes": 602, "AverageReturn": 0.7, "AverageDiscountedReturn": 0.660053284489063, "TDError^2": 0.027850866317749023}
{"Iteration": 7, "Steps": 7999, "Epsilon": 0.24009499999999995, "Episodes": 738, "AverageReturn": 0.7, "AverageDiscountedReturn": 0.652623597627551, "TDError^2": 0.029807720333337784}
{"Iteration": 8, "Steps": 8999, "Epsilon": 0.14509499999999997, "Episodes": 880, "AverageReturn": 1.0, "AverageDiscountedReturn": 0.9387689737697201, "TDError^2": 0.027369245886802673}
{"Iteration": 9, "Steps": 9999, "Epsilon": 0.050095, "Episodes": 1036, "AverageReturn": 0.9, "AverageDiscountedReturn": 0.8558910449099999, "TDError^2": 0.02507304586470127}
{"Iteration": 10, "Steps": 10999, "Epsilon": 0.050000000000000044, "Episodes": 1194, "AverageReturn": 1.0, "AverageDiscountedReturn": 0.946254119451498, "TDError^2": 0.021670110523700714}
{"Iteration": 11, "Steps": 11999, "Epsilon": 0.050000000000000044, "Episodes": 1352, "AverageReturn": 1.0, "AverageDiscountedReturn": 0.948146589650799, "TDError^2": 0.02271958813071251}
