{"Iteration": 0, "Steps": 1019999, "Epsilon": 0.050000000000000044, "Episodes": 8, "AverageReturn": -16.625, "AverageDiscountedReturn": -0.5566783241073603, "TDError^2": 0.007107988465577364}
{"Iteration": 1, "Steps": 1029999, "Epsilon": 0.050000000000000044, "Episodes": 13, "AverageReturn": -17.8, "AverageDiscountedReturn": -0.6057370580279097, "TDError^2": 0.005674345418810844}
{"Iteration": 2, "Steps": 1039999, "Epsilon": 0.050000000000000044, "Episodes": 17, "AverageReturn": -17.6, "AverageDiscountedReturn": -0.5909141848424698, "TDError^2": 0.007234348449856043}
{"Iteration": 3, "Steps": 1049999, "Epsilon": 0.050000000000000044, "Episodes": 21, "AverageReturn": -17.3, "AverageDiscountedReturn": -0.4805905998276366, "TDError^2": 0.004043058957904577}
{"Iteration": 4, "Steps": 1059999, "Epsilon": 0.050000000000000044, "Episodes": 24, "AverageReturn": -17.0, "AverageDiscountedReturn": -0.46954334153254906, "TDError^2": 0.006429316941648722}
{"Iteration": 5, "Steps": 1069999, "Epsilon": 0.050000000000000044, "Episodes": 28, "AverageReturn": -17.2, "AverageDiscountedReturn": -0.6905104694067727, "TDError^2": 0.004577618557959795}
{"Iteration": 6, "Steps": 1079999, "Epsilon": 0.050000000000000044, "Episodes": 31, "AverageReturn": -16.7, "AverageDiscountedReturn": -0.6374192486684129, "TDError^2": 0.0061957393772900105}
{"Iteration": 7, "Steps": 1089999, "Epsilon": 0.050000000000000044, "Episodes": 36, "AverageReturn": -17.8, "AverageDiscountedReturn": -0.5613704298002535, "TDError^2": 0.005405074916779995}
{"Iteration": 8, "Steps": 1099999, "Epsilon": 0.050000000000000044, "Episodes": 40, "AverageReturn": -17.4, "AverageDiscountedReturn": -0.4991016155573124, "TDError^2": 0.0065789129585027695}
{"Iteration": 9, "Steps": 1109999, "Epsilon": 0.050000000000000044, "Episodes": 43, "AverageReturn": -17.8, "AverageDiscountedReturn": -0.7374851163315884, "TDError^2": 0.007647418417036533}
{"Iteration": 10, "Steps": 1119999, "Epsilon": 0.050000000000000044, "Episodes": 47, "AverageReturn": -17.1, "AverageDiscountedReturn": -0.7258769198771353, "TDError^2": 0.0061624436639249325}
{"Iteration": 11, "Steps": 1129999, "Epsilon": 0.050000000000000044, "Episodes": 51, "AverageReturn": -17.3, "AverageDiscountedReturn": -0.631892566491499, "TDError^2": 0.006013976875692606}
{"Iteration": 12, "Steps": 1139999, "Epsilon": 0.050000000000000044, "Episodes": 54, "AverageReturn": -17.1, "AverageDiscountedReturn": -0.4921651812087804, "TDError^2": 0.0063536097295582294}
{"Iteration": 13, "Steps": 1149999, "Epsilon": 0.050000000000000044, "Episodes": 59, "AverageReturn": -17.3, "AverageDiscountedReturn": -0.5577225438607294, "TDError^2": 0.005524614360183477}
{"Iteration": 14, "Steps": 1159999, "Epsilon": 0.050000000000000044, "Episodes": 62, "AverageReturn": -17.0, "AverageDiscountedReturn": -0.6072456609691159, "TDError^2": 0.005237450823187828}
{"Iteration": 15, "Steps": 1169999, "Epsilon": 0.050000000000000044, "Episodes": 65, "AverageReturn": -17.1, "AverageDiscountedReturn": -0.6139259082530915, "TDError^2": 0.004607636947184801}
{"Iteration": 16, "Steps": 1179999, "Epsilon": 0.050000000000000044, "Episodes": 69, "AverageReturn": -16.6, "AverageDiscountedReturn": -0.5097225611933497, "TDError^2": 0.005586159881204367}
{"Iteration": 17, "Steps": 1189999, "Epsilon": 0.050000000000000044, "Episodes": 72, "AverageReturn": -16.7, "AverageDiscountedReturn": -0.4965375047339619, "TDError^2": 0.005382360890507698}
{"Iteration": 18, "Steps": 1199999, "Epsilon": 0.050000000000000044, "Episodes": 76, "AverageReturn": -17.5, "AverageDiscountedReturn": -0.6099986819901388, "TDError^2": 0.005890673026442528}
{"Iteration": 19, "Steps": 1209999, "Epsilon": 0.050000000000000044, "Episodes": 79, "AverageReturn": -16.0, "AverageDiscountedReturn": -0.5675351563362891, "TDError^2": 0.008548162877559662}
{"Iteration": 20, "Steps": 1219999, "Epsilon": 0.050000000000000044, "Episodes": 84, "AverageReturn": -16.5, "AverageDiscountedReturn": -0.6476545037567061, "TDError^2": 0.0054530007764697075}
{"Iteration": 21, "Steps": 1229999, "Epsilon": 0.050000000000000044, "Episodes": 87, "AverageReturn": -17.3, "AverageDiscountedReturn": -0.5442047513233548, "TDError^2": 0.00444249389693141}
{"Iteration": 22, "Steps": 1239999, "Epsilon": 0.050000000000000044, "Episodes": 90, "AverageReturn": -17.1, "AverageDiscountedReturn": -0.40909180726797223, "TDError^2": 0.004001222085207701}
{"Iteration": 23, "Steps": 1249999, "Epsilon": 0.050000000000000044, "Episodes": 93, "AverageReturn": -16.5, "AverageDiscountedReturn": -0.31346376601959575, "TDError^2": 0.0037699600216001272}
{"Iteration": 24, "Steps": 1259999, "Epsilon": 0.050000000000000044, "Episodes": 96, "AverageReturn": -17.0, "AverageDiscountedReturn": -0.47837940611198093, "TDError^2": 0.003812055569142103}
{"Iteration": 25, "Steps": 1269999, "Epsilon": 0.050000000000000044, "Episodes": 99, "AverageReturn": -17.8, "AverageDiscountedReturn": -0.5321684543186014, "TDError^2": 0.005033263470977545}
{"Iteration": 26, "Steps": 1279999, "Epsilon": 0.050000000000000044, "Episodes": 102, "AverageReturn": -16.3, "AverageDiscountedReturn": -0.4058694369232826, "TDError^2": 0.004486569203436375}
{"Iteration": 27, "Steps": 1289999, "Epsilon": 0.050000000000000044, "Episodes": 105, "AverageReturn": -15.7, "AverageDiscountedReturn": -0.3362182368975673, "TDError^2": 0.004938045982271433}
{"Iteration": 28, "Steps": 1299999, "Epsilon": 0.050000000000000044, "Episodes": 108, "AverageReturn": -14.3, "AverageDiscountedReturn": -0.377064315510364, "TDError^2": 0.004881597124040127}
{"Iteration": 29, "Steps": 1309999, "Epsilon": 0.050000000000000044, "Episodes": 111, "AverageReturn": -14.0, "AverageDiscountedReturn": -0.3512593547721118, "TDError^2": 0.004913005046546459}
